Iteration,Chain,Parameter,value,utterance
1,1,value,0.6840215532687619,noun
2,1,value,0.8418897914559595,noun
3,1,value,0.8553313329324251,noun
4,1,value,0.6263943582533095,noun
5,1,value,0.616463258511395,noun
6,1,value,0.7153687122361737,noun
7,1,value,0.9311493459450357,noun
8,1,value,0.9472110050121585,noun
9,1,value,0.8959229544227298,noun
10,1,value,0.4760520883921724,noun
11,1,value,0.9073441360783921,noun
12,1,value,0.9884552730973829,noun
13,1,value,0.46452419367906705,noun
14,1,value,0.5786423684258625,noun
15,1,value,0.6413111454209495,noun
16,1,value,0.5804054645160934,noun
17,1,value,0.9255977931806236,noun
18,1,value,0.8968964491189928,noun
19,1,value,0.32101800415301834,noun
20,1,value,0.8691427416086681,noun
21,1,value,0.8240629963304066,noun
22,1,value,0.5509651520316831,noun
23,1,value,0.9632886612679247,noun
24,1,value,0.9179811641777729,noun
25,1,value,0.9836085884933765,noun
26,1,value,0.9968728870303549,noun
27,1,value,0.9332465000402138,noun
28,1,value,0.9552598411221447,noun
29,1,value,0.8103665605891683,noun
30,1,value,0.5441085963191233,noun
31,1,value,0.5248664095674851,noun
32,1,value,0.5909448214807175,noun
33,1,value,0.8728000699379205,noun
34,1,value,0.619454920233228,noun
35,1,value,0.767498985341081,noun
36,1,value,0.7365971525451258,noun
37,1,value,0.4764137666629344,noun
38,1,value,0.9766764134075877,noun
39,1,value,0.7833487403794877,noun
40,1,value,0.2745156773650793,noun
41,1,value,0.6148381765228527,noun
42,1,value,0.9776868767717919,noun
43,1,value,0.7871079390355344,noun
44,1,value,0.8105733875383643,noun
45,1,value,0.9420121440932372,noun
46,1,value,0.8213822307375173,noun
47,1,value,0.6159385008882734,noun
48,1,value,0.9837024723582902,noun
49,1,value,0.4417325464298792,noun
50,1,value,0.9323377822947004,noun
51,1,value,0.8940978944346918,noun
52,1,value,0.869447131982655,noun
53,1,value,0.7949933757395924,noun
54,1,value,0.898505499389982,noun
55,1,value,0.9765990958000492,noun
56,1,value,0.8252091081725168,noun
57,1,value,0.8207561586382112,noun
58,1,value,0.8140698778826657,noun
59,1,value,0.9936308566332311,noun
60,1,value,0.9206246177438907,noun
61,1,value,0.8830179011876547,noun
62,1,value,0.7445549927706456,noun
63,1,value,0.7175011966152022,noun
64,1,value,0.8486850085794191,noun
65,1,value,0.9290599668047671,noun
66,1,value,0.9871406286031222,noun
67,1,value,0.5891382271591675,noun
68,1,value,0.9211277724049058,noun
69,1,value,0.7908490713528838,noun
70,1,value,0.7447726621405113,noun
71,1,value,0.9077572401222938,noun
72,1,value,0.5196771003104552,noun
73,1,value,0.658693021290983,noun
74,1,value,0.7237240288428289,noun
75,1,value,0.690303510733367,noun
76,1,value,0.9106422946931305,noun
77,1,value,0.7759367295293065,noun
78,1,value,0.9616558412934225,noun
79,1,value,0.8879708949518447,noun
80,1,value,0.7773175373837644,noun
81,1,value,0.8345573490185667,noun
82,1,value,0.7440734888557753,noun
83,1,value,0.35375549240705,noun
84,1,value,0.6217859528051713,noun
85,1,value,0.9246993800168058,noun
86,1,value,0.5396885635981904,noun
87,1,value,0.9336907841900215,noun
88,1,value,0.6814409346639587,noun
89,1,value,0.4327867570549752,noun
90,1,value,0.618455274535367,noun
91,1,value,0.8110314417837964,noun
92,1,value,0.9928016346360884,noun
93,1,value,0.8150094466524884,noun
94,1,value,0.9256868091397515,noun
95,1,value,0.8458240166712594,noun
96,1,value,0.8439283719557993,noun
97,1,value,0.6335584378083159,noun
98,1,value,0.8521702105707817,noun
99,1,value,0.8666480088848533,noun
100,1,value,0.9353283661302436,noun
101,1,value,0.6916636257995072,noun
102,1,value,0.8812211431339628,noun
103,1,value,0.6052491804417461,noun
104,1,value,0.6427709320683456,noun
105,1,value,0.7734665701369705,noun
106,1,value,0.8619221698444491,noun
107,1,value,0.9322458296854274,noun
108,1,value,0.5298877203276945,noun
109,1,value,0.99603923918164206,noun
110,1,value,0.5656202943727088,noun
111,1,value,0.966314360097262,noun
112,1,value,0.49933863764877406,noun
113,1,value,0.5432447845520927,noun
114,1,value,0.994948022748901,noun
115,1,value,0.6865007891213705,noun
116,1,value,0.8346996514052377,noun
117,1,value,0.8163502826795206,noun
118,1,value,0.5331743809585279,noun
119,1,value,0.8829100736208303,noun
120,1,value,0.7049198054435647,noun
121,1,value,0.5449528236625457,noun
122,1,value,0.9763500041040302,noun
123,1,value,0.42396790302922693,noun
124,1,value,0.9998716524120452,noun
125,1,value,0.4491984785094881,noun
126,1,value,0.6590672213748909,noun
127,1,value,0.895318312598461,noun
128,1,value,0.5854011353545153,noun
129,1,value,0.9159449172598757,noun
130,1,value,0.8325428698225915,noun
131,1,value,0.47309589108608424,noun
132,1,value,0.34355532380937587,noun
133,1,value,0.7362164946409177,noun
134,1,value,0.5334692572515144,noun
135,1,value,0.6057404096739116,noun
136,1,value,0.5243830188130647,noun
137,1,value,0.48935929047405097,noun
138,1,value,0.8789942841367367,noun
139,1,value,0.6068518169417657,noun
140,1,value,0.9274866040138003,noun
141,1,value,0.9341816198095345,noun
142,1,value,0.5881405438507311,noun
143,1,value,0.7928178964184579,noun
144,1,value,0.6256530561483575,noun
145,1,value,0.5730804485984173,noun
146,1,value,0.6871995202192747,noun
147,1,value,0.7974666236372701,noun
148,1,value,0.9494115405277984,noun
149,1,value,0.9951428090336247,noun
150,1,value,0.8451593537983931,noun
151,1,value,0.6704784709063883,noun
152,1,value,0.9407196514801202,noun
153,1,value,0.9087797068956172,noun
154,1,value,0.830631793885882,noun
155,1,value,0.9670925294976116,noun
156,1,value,0.9509152331865783,noun
157,1,value,0.9535144848188215,noun
158,1,value,0.9522537231416153,noun
159,1,value,0.7420626251130117,noun
160,1,value,0.8167984352122374,noun
161,1,value,0.9828308617204811,noun
162,1,value,0.789480278657318,noun
163,1,value,0.2903914138604349,noun
164,1,value,0.5649950649972635,noun
165,1,value,0.8008521177683209,noun
166,1,value,0.7039513613234135,noun
167,1,value,0.9381625081361468,noun
168,1,value,0.5684622639410686,noun
169,1,value,0.48383461896719304,noun
170,1,value,0.991607356609417,noun
171,1,value,0.9526625459648039,noun
172,1,value,0.6843148917828796,noun
173,1,value,0.5370990532764296,noun
174,1,value,0.8625138193345981,noun
175,1,value,0.5263216074592084,noun
176,1,value,0.9669580570092836,noun
177,1,value,0.7815953613578964,noun
178,1,value,0.8943487986438671,noun
179,1,value,0.8970330769747694,noun
180,1,value,0.4221967090359805,noun
181,1,value,0.9284392150456137,noun
182,1,value,0.46442105440152354,noun
183,1,value,0.8226993845888355,noun
184,1,value,0.6906042932342987,noun
185,1,value,0.9458684523782935,noun
186,1,value,0.9088667066936504,noun
187,1,value,0.8990257317050607,noun
188,1,value,0.9044403907726177,noun
189,1,value,0.48354001646402217,noun
190,1,value,0.646614401475832,noun
191,1,value,0.958470743821424,noun
192,1,value,0.5314125322896934,noun
193,1,value,0.9095422253189102,noun
194,1,value,0.32956128680300595,noun
195,1,value,0.5729666620452439,noun
196,1,value,0.7733873417222197,noun
197,1,value,0.5723558159338515,noun
198,1,value,0.8222231089417023,noun
199,1,value,0.9737908689320913,noun
200,1,value,0.9682182495511935,noun
201,1,value,0.8144515257594875,noun
202,1,value,0.890891952375916,noun
203,1,value,0.6343495355054914,noun
204,1,value,0.6712958277417097,noun
205,1,value,0.673334623424611,noun
206,1,value,0.9616602617543711,noun
207,1,value,0.988292163266488,noun
208,1,value,0.9055838164851002,noun
209,1,value,0.8601861711906991,noun
210,1,value,0.8482595293047801,noun
211,1,value,0.8170793132643839,noun
212,1,value,0.9154938357791083,noun
213,1,value,0.4711675298927281,noun
214,1,value,0.9525971675299666,noun
215,1,value,0.6107487763844975,noun
216,1,value,0.6645207527938184,noun
217,1,value,0.9223495108584624,noun
218,1,value,0.6223815431377628,noun
219,1,value,0.8973533846831832,noun
220,1,value,0.9766105280431908,noun
221,1,value,0.700961281198747,noun
222,1,value,0.7366284316724818,noun
223,1,value,0.818322303310238,noun
224,1,value,0.9167452038306128,noun
225,1,value,0.5664483831506922,noun
226,1,value,0.8289846931081,noun
227,1,value,0.7924226149043712,noun
228,1,value,0.5053146496087779,noun
229,1,value,0.3732988862709281,noun
230,1,value,0.8870496469017107,noun
231,1,value,0.9161692625268613,noun
232,1,value,0.7188007261130753,noun
233,1,value,0.9245695945030853,noun
234,1,value,0.3894778412753631,noun
235,1,value,0.9783863923091519,noun
236,1,value,0.9010315564109573,noun
237,1,value,0.8414712164060756,noun
238,1,value,0.8743587854552176,noun
239,1,value,0.7204748294275357,noun
240,1,value,0.912900726617697,noun
241,1,value,0.8380193225625705,noun
242,1,value,0.9144372206974211,noun
243,1,value,0.6839014154301333,noun
244,1,value,0.7605304657226154,noun
245,1,value,0.5355619020699539,noun
246,1,value,0.7659174264185297,noun
247,1,value,0.9886894686276454,noun
248,1,value,0.8242684394161932,noun
249,1,value,0.96817909372401,noun
250,1,value,0.726674549699973,noun
251,1,value,0.7045958976435516,noun
252,1,value,0.7587591717467586,noun
253,1,value,0.9643921312107213,noun
254,1,value,0.7918563276907551,noun
255,1,value,0.8029294331536797,noun
256,1,value,0.992790541692957,noun
257,1,value,0.8754550105418278,noun
258,1,value,0.9781026532123973,noun
259,1,value,0.9102918288893693,noun
260,1,value,0.6360684138458561,noun
261,1,value,0.8217396592708316,noun
262,1,value,0.8624163598559926,noun
263,1,value,0.7085112533125734,noun
264,1,value,0.8964250813352403,noun
265,1,value,0.8047541853807748,noun
266,1,value,0.8730635166061504,noun
267,1,value,0.3776645142476716,noun
268,1,value,0.8532484254837579,noun
269,1,value,0.9535548772293341,noun
270,1,value,0.8556605602379149,noun
271,1,value,0.9751029252451984,noun
272,1,value,0.3969407848917102,noun
273,1,value,0.6571457923999117,noun
274,1,value,0.9906623417397554,noun
275,1,value,0.7108154491097393,noun
276,1,value,0.7492495579600581,noun
277,1,value,0.8120897721917093,noun
278,1,value,0.6750084023716132,noun
279,1,value,0.6465502563887426,noun
280,1,value,0.4244025628044038,noun
281,1,value,0.8372514675883846,noun
282,1,value,0.7126955993790721,noun
283,1,value,0.6484932370008302,noun
284,1,value,0.940438320923593,noun
285,1,value,0.7623247997330879,noun
286,1,value,0.8074312373774298,noun
287,1,value,0.8697595490510285,noun
288,1,value,0.992962381569216,noun
289,1,value,0.9323537502150036,noun
290,1,value,0.8334109453990034,noun
291,1,value,0.48565500914730514,noun
292,1,value,0.684673203659566,noun
293,1,value,0.950858239407285,noun
294,1,value,0.5218051961226576,noun
295,1,value,0.695421420119266,noun
296,1,value,0.7374051602351646,noun
297,1,value,0.729601206785738,noun
298,1,value,0.9057147480551571,noun
299,1,value,0.9725385188722807,noun
300,1,value,0.5507580498925582,noun
301,1,value,0.6760201832354209,noun
302,1,value,0.9864689386047625,noun
303,1,value,0.8664623077086535,noun
304,1,value,0.6030112145385649,noun
305,1,value,0.7034213730257947,noun
306,1,value,0.7470878644986141,noun
307,1,value,0.35117306034175794,noun
308,1,value,0.6805653845291584,noun
309,1,value,0.9578998172398624,noun
310,1,value,0.8629874848306265,noun
311,1,value,0.8898858750966704,noun
312,1,value,0.6516607462841759,noun
313,1,value,0.7212557472742873,noun
314,1,value,0.9294095694814017,noun
315,1,value,0.7768534997279924,noun
316,1,value,0.4553422991173741,noun
317,1,value,0.5588408797612403,noun
318,1,value,0.9183173698665555,noun
319,1,value,0.9040531453786261,noun
320,1,value,0.9607735769669854,noun
321,1,value,0.5383261469771443,noun
322,1,value,0.8594703897307597,noun
323,1,value,0.9908844225755398,noun
324,1,value,0.5577010912131476,noun
325,1,value,0.48114817787853864,noun
326,1,value,0.6397356156050341,noun
327,1,value,0.6818178525901828,noun
328,1,value,0.6018176123704339,noun
329,1,value,0.7260785700932889,noun
330,1,value,0.8433132583941828,noun
331,1,value,0.9746282443964871,noun
332,1,value,0.5591227765890247,noun
333,1,value,0.6756260668415557,noun
334,1,value,0.6637381186992081,noun
335,1,value,0.8402007130339454,noun
336,1,value,0.8489913314672443,noun
337,1,value,0.9474712920755909,noun
338,1,value,0.9417269282705849,noun
339,1,value,0.6393068946515389,noun
340,1,value,0.9836924775609247,noun
341,1,value,0.5191436453932452,noun
342,1,value,0.42826707864052616,noun
343,1,value,0.43837415406750513,noun
344,1,value,0.9537282182556218,noun
345,1,value,0.9964421771051709,noun
346,1,value,0.5898222534356209,noun
347,1,value,0.5593912985922496,noun
348,1,value,0.6686284098421651,noun
349,1,value,0.8203590406181703,noun
350,1,value,0.8847916502868203,noun
351,1,value,0.5651585510832452,noun
352,1,value,0.44561882665110597,noun
353,1,value,0.9643820584865633,noun
354,1,value,0.4937486183836044,noun
355,1,value,0.9821268107235781,noun
356,1,value,0.8297301208142354,noun
357,1,value,0.8427787217763612,noun
358,1,value,0.5409431812677676,noun
359,1,value,0.6103107377679202,noun
360,1,value,0.7505346259846877,noun
361,1,value,0.656098808113199,noun
362,1,value,0.8403883693262424,noun
363,1,value,0.9013057789915995,noun
364,1,value,0.8771525990875156,noun
365,1,value,0.9757953681031493,noun
366,1,value,0.7424564991832249,noun
367,1,value,0.6856502312142088,noun
368,1,value,0.8249492537282401,noun
369,1,value,0.578830274675206,noun
370,1,value,0.9422312915964655,noun
371,1,value,0.5067999125605108,noun
372,1,value,0.9087150591494282,noun
373,1,value,0.6142161598174571,noun
374,1,value,0.6637529080470805,noun
375,1,value,0.907959904388804,noun
376,1,value,0.6938108579594199,noun
377,1,value,0.8669701011939767,noun
378,1,value,0.9651563874130281,noun
379,1,value,0.8786366468802264,noun
380,1,value,0.9541380348211308,noun
381,1,value,0.6623389264505318,noun
382,1,value,0.8430817410755099,noun
383,1,value,0.4369592854649185,noun
384,1,value,0.44875565359435016,noun
385,1,value,0.7363907820383645,noun
386,1,value,0.701252052585719,noun
387,1,value,0.9308197273240492,noun
388,1,value,0.3869304813925417,noun
389,1,value,0.5463764568878148,noun
390,1,value,0.5157966100861979,noun
391,1,value,0.8357193967705162,noun
392,1,value,0.7093732614760729,noun
393,1,value,0.7111479375839261,noun
394,1,value,0.7813756120608679,noun
395,1,value,0.5861864206987678,noun
396,1,value,0.8473633711662704,noun
397,1,value,0.7223251609409503,noun
398,1,value,0.6781686328888054,noun
399,1,value,0.4737612529799745,noun
400,1,value,0.7406723224469014,noun
401,1,value,0.6994217291802326,noun
402,1,value,0.9695451917431792,noun
403,1,value,0.836030766190329,noun
404,1,value,0.8536551462708223,noun
405,1,value,0.7173608427379023,noun
406,1,value,0.15084843339019322,noun
407,1,value,0.9858030858462861,noun
408,1,value,0.9377060709588693,noun
409,1,value,0.886349075534721,noun
410,1,value,0.47822219674798383,noun
411,1,value,0.9095608056380675,noun
412,1,value,0.5512743616623503,noun
413,1,value,0.9177197108348747,noun
414,1,value,0.7186044555005411,noun
415,1,value,0.9046219140910645,noun
416,1,value,0.7597367752983136,noun
417,1,value,0.6194902922648229,noun
418,1,value,0.7879803280230819,noun
419,1,value,0.8769451299766129,noun
420,1,value,0.8107362949449075,noun
421,1,value,0.7039243334537464,noun
422,1,value,0.8853295058950703,noun
423,1,value,0.788454891498349,noun
424,1,value,0.8020740040593797,noun
425,1,value,0.9221131488297863,noun
426,1,value,0.8967567322340019,noun
427,1,value,0.6740038871428247,noun
428,1,value,0.5451397630237443,noun
429,1,value,0.8786016756471531,noun
430,1,value,0.7105701245685151,noun
431,1,value,0.8310094732470503,noun
432,1,value,0.9205092014928757,noun
433,1,value,0.7061272696806657,noun
434,1,value,0.9952885303984317,noun
435,1,value,0.9954430591112725,noun
436,1,value,0.36326607927017146,noun
437,1,value,0.9771066547178808,noun
438,1,value,0.6484377795626102,noun
439,1,value,0.5668619646796761,noun
440,1,value,0.4302301715592712,noun
441,1,value,0.4573389461283813,noun
442,1,value,0.8093024592556829,noun
443,1,value,0.9954838109618838,noun
444,1,value,0.854972321215887,noun
445,1,value,0.7787752484538482,noun
446,1,value,0.6927266391603275,noun
447,1,value,0.6638411502345518,noun
448,1,value,0.8816437605522658,noun
449,1,value,0.9053485952944434,noun
450,1,value,0.7261168227690189,noun
451,1,value,0.8331416799283877,noun
452,1,value,0.467768622715956,noun
453,1,value,0.39346232241339746,noun
454,1,value,0.9809590313847338,noun
455,1,value,0.9088429028750251,noun
456,1,value,0.9468393149286031,noun
457,1,value,0.9860917411570945,noun
458,1,value,0.9089712396640212,noun
459,1,value,0.91307960825499,noun
460,1,value,0.8883535627053143,noun
461,1,value,0.9534146121425907,noun
462,1,value,0.9767758892929312,noun
463,1,value,0.450823101205949,noun
464,1,value,0.7016880827656538,noun
465,1,value,0.9823181419977788,noun
466,1,value,0.7498912122209705,noun
467,1,value,0.4270575562597436,noun
468,1,value,0.5091939756533084,noun
469,1,value,0.9451881376625034,noun
470,1,value,0.8218011160351628,noun
471,1,value,0.6396105961604164,noun
472,1,value,0.7660871049107569,noun
473,1,value,0.7738967250909702,noun
474,1,value,0.5512183005007005,noun
475,1,value,0.8522800575692708,noun
476,1,value,0.9898575688873155,noun
477,1,value,0.45671211710732706,noun
478,1,value,0.9588795574028153,noun
479,1,value,0.786882297937561,noun
480,1,value,0.8871855685818391,noun
481,1,value,0.622311697540255,noun
482,1,value,0.6087298893799745,noun
483,1,value,0.4804237731546643,noun
484,1,value,0.3712563307006441,noun
485,1,value,0.4112240628351659,noun
486,1,value,0.5765943101981702,noun
487,1,value,0.871825172278014,noun
488,1,value,0.8115767734383328,noun
489,1,value,0.8490071539711399,noun
490,1,value,0.618323184144703,noun
491,1,value,0.2866052681593684,noun
492,1,value,0.9251826177025738,noun
493,1,value,0.40537379844318977,noun
494,1,value,0.44809471929929795,noun
495,1,value,0.6996504531766534,noun
496,1,value,0.8187200711852339,noun
497,1,value,0.9042344353199805,noun
498,1,value,0.7467075027190945,noun
499,1,value,0.7113798499620457,noun
500,1,value,0.7033333124057541,noun
501,1,value,0.7995819664455964,noun
502,1,value,0.7173402974713876,noun
503,1,value,0.9210567885476113,noun
504,1,value,0.8762040600471793,noun
505,1,value,0.9386641754415291,noun
506,1,value,0.7665420472986053,noun
507,1,value,0.21654213066434488,noun
508,1,value,0.8682892369595393,noun
509,1,value,0.8789891882247831,noun
510,1,value,0.5210246364530113,noun
511,1,value,0.9233150498148466,noun
512,1,value,0.9171496093087371,noun
513,1,value,0.35482442157798577,noun
514,1,value,0.8334977690116396,noun
515,1,value,0.9864167361190956,noun
516,1,value,0.7863129292704303,noun
517,1,value,0.9326279804712105,noun
518,1,value,0.5863081486748024,noun
519,1,value,0.9751508830883692,noun
520,1,value,0.941005485772319,noun
521,1,value,0.9922381957809208,noun
522,1,value,0.8722963102131926,noun
523,1,value,0.8772001316584491,noun
524,1,value,0.8526536884772388,noun
525,1,value,0.85462099911975,noun
526,1,value,0.8411654874329006,noun
527,1,value,0.6790970074295875,noun
528,1,value,0.9983490768694199,noun
529,1,value,0.8685518809140933,noun
530,1,value,0.6274961463534517,noun
531,1,value,0.6402677485350469,noun
532,1,value,0.2772084654145619,noun
533,1,value,0.5926644610073437,noun
534,1,value,0.96257731005656,noun
535,1,value,0.4927480694916807,noun
536,1,value,0.5770584815730065,noun
537,1,value,0.8535350144061756,noun
538,1,value,0.4307881045435316,noun
539,1,value,0.5747589724208231,noun
540,1,value,0.7069209074938496,noun
541,1,value,0.9666527314172415,noun
542,1,value,0.2926937542594347,noun
543,1,value,0.9710327920179533,noun
544,1,value,0.36507155434242494,noun
545,1,value,0.8029409250318704,noun
546,1,value,0.7591032404663485,noun
547,1,value,0.513628884105195,noun
548,1,value,0.5276688240082757,noun
549,1,value,0.7104234486281612,noun
550,1,value,0.7983443544090983,noun
551,1,value,0.7156124821957959,noun
552,1,value,0.4301302046349306,noun
553,1,value,0.4301048411810956,noun
554,1,value,0.6251110948515599,noun
555,1,value,0.8795958995982237,noun
556,1,value,0.5538715945965121,noun
557,1,value,0.5223064504234314,noun
558,1,value,0.7556358546225279,noun
559,1,value,0.7517570816381518,noun
560,1,value,0.784343316491312,noun
561,1,value,0.8535883184584941,noun
562,1,value,0.6579031870783215,noun
563,1,value,0.7473438832441093,noun
564,1,value,0.9027805029224913,noun
565,1,value,0.4981728146833376,noun
566,1,value,0.4242572865420806,noun
567,1,value,0.9656124776631283,noun
568,1,value,0.6884191563781887,noun
569,1,value,0.9509767381559243,noun
570,1,value,0.9373488364022882,noun
571,1,value,0.48825202744827684,noun
572,1,value,0.9933002057069537,noun
573,1,value,0.7217296213937076,noun
574,1,value,0.8014328634548326,noun
575,1,value,0.6796689486205076,noun
576,1,value,0.8943492358167103,noun
577,1,value,0.9056169446180419,noun
578,1,value,0.4733682598434558,noun
579,1,value,0.4461698253499361,noun
580,1,value,0.9627693931787134,noun
581,1,value,0.7737741662369413,noun
582,1,value,0.8119372778971387,noun
583,1,value,0.5457936325537981,noun
584,1,value,0.9274258078008182,noun
585,1,value,0.8399013711221529,noun
586,1,value,0.9297221209363445,noun
587,1,value,0.9840479979475748,noun
588,1,value,0.9415633288704024,noun
589,1,value,0.6510052051558659,noun
590,1,value,0.9320950194043377,noun
591,1,value,0.6806886108618024,noun
592,1,value,0.838438370890816,noun
593,1,value,0.5285560006335535,noun
594,1,value,0.6773313547357488,noun
595,1,value,0.937993146747577,noun
596,1,value,0.9701697919093342,noun
597,1,value,0.5895504450371841,noun
598,1,value,0.789300197102507,noun
599,1,value,0.9590569921451272,noun
600,1,value,0.9124627168881284,noun
601,1,value,0.37885648613032746,noun
602,1,value,0.5078634737176438,noun
603,1,value,0.9509115916979143,noun
604,1,value,0.9328458018831226,noun
605,1,value,0.8932784953161251,noun
606,1,value,0.9161160156055835,noun
607,1,value,0.9910633929351934,noun
608,1,value,0.811688550618233,noun
609,1,value,0.8586792305456994,noun
610,1,value,0.7151756468484136,noun
611,1,value,0.3515390669272505,noun
612,1,value,0.44932286123916115,noun
613,1,value,0.8286903249790678,noun
614,1,value,0.455469217622319,noun
615,1,value,0.4366161371365519,noun
616,1,value,0.7820660638449928,noun
617,1,value,0.36315108264213536,noun
618,1,value,0.6728489167553535,noun
619,1,value,0.7672884868985408,noun
620,1,value,0.872165088922073,noun
621,1,value,0.8750448385097569,noun
622,1,value,0.5218155288995031,noun
623,1,value,0.8029056475419617,noun
624,1,value,0.8585871087589677,noun
625,1,value,0.5688148398752133,noun
626,1,value,0.370948789174136,noun
627,1,value,0.8299874465549202,noun
628,1,value,0.5215462874664428,noun
629,1,value,0.908386102194825,noun
630,1,value,0.8990591885328747,noun
631,1,value,0.9156769650575728,noun
632,1,value,0.3389945203089641,noun
633,1,value,0.634477378831113,noun
634,1,value,0.616961749966417,noun
635,1,value,0.7032537667963551,noun
636,1,value,0.8849424332418012,noun
637,1,value,0.7365883645958469,noun
638,1,value,0.9347321316275691,noun
639,1,value,0.7179171344945797,noun
640,1,value,0.8091490275546865,noun
641,1,value,0.5100909117639967,noun
642,1,value,0.7289259063548844,noun
643,1,value,0.5699465774496403,noun
644,1,value,0.6954127991443795,noun
645,1,value,0.9065049642563872,noun
646,1,value,0.8219764504815918,noun
647,1,value,0.6629233301137503,noun
648,1,value,0.4532760512600843,noun
649,1,value,0.973673416979559,noun
650,1,value,0.597520216481346,noun
651,1,value,0.96316310589204,noun
652,1,value,0.6128466673223328,noun
653,1,value,0.8844063076571858,noun
654,1,value,0.8267406411830626,noun
655,1,value,0.6455737627817736,noun
656,1,value,0.9147700974718919,noun
657,1,value,0.7193339911427304,noun
658,1,value,0.8033184565485,noun
659,1,value,0.7685297704856808,noun
660,1,value,0.6931651195489237,noun
661,1,value,0.9066044375065357,noun
662,1,value,0.9455333627666553,noun
663,1,value,0.8048497058614525,noun
664,1,value,0.7101709048512304,noun
665,1,value,0.6259033437045354,noun
666,1,value,0.903778323571816,noun
667,1,value,0.7453734048732841,noun
668,1,value,0.506656491211552,noun
669,1,value,0.6228309563843196,noun
670,1,value,0.5715322071891027,noun
671,1,value,0.8248818487309029,noun
672,1,value,0.3643308853900782,noun
673,1,value,0.518937480872393,noun
674,1,value,0.6380302722542555,noun
675,1,value,0.6556395520301652,noun
676,1,value,0.5647944387150258,noun
677,1,value,0.7255514702392933,noun
678,1,value,0.5207667121169318,noun
679,1,value,0.9322179978699717,noun
680,1,value,0.6164126525848207,noun
681,1,value,0.624282088641256,noun
682,1,value,0.8957939251337883,noun
683,1,value,0.7255020402052165,noun
684,1,value,0.7382739622783001,noun
685,1,value,0.364789747926022,noun
686,1,value,0.7595040553643245,noun
687,1,value,0.604643432495222,noun
688,1,value,0.9617030776637281,noun
689,1,value,0.7424478117925283,noun
690,1,value,0.8045238964785711,noun
691,1,value,0.4443054707613347,noun
692,1,value,0.3373403814885545,noun
693,1,value,0.6759520824937059,noun
694,1,value,0.9497452616867812,noun
695,1,value,0.9458955484859332,noun
696,1,value,0.9719004301308761,noun
697,1,value,0.6551805852567327,noun
698,1,value,0.6748312600872848,noun
699,1,value,0.6489817886941706,noun
700,1,value,0.6589294674976913,noun
701,1,value,0.3396080267616457,noun
702,1,value,0.9875271665655566,noun
703,1,value,0.2545800695656346,noun
704,1,value,0.7055967056638982,noun
705,1,value,0.5191115846179309,noun
706,1,value,0.37053605438654347,noun
707,1,value,0.8539081190414003,noun
708,1,value,0.7440502125370767,noun
709,1,value,0.7507449673106318,noun
710,1,value,0.6574788337707403,noun
711,1,value,0.704475839528598,noun
712,1,value,0.6836971643212121,noun
713,1,value,0.5902997920991795,noun
714,1,value,0.5532881531469596,noun
715,1,value,0.8395276145269163,noun
716,1,value,0.8594202910554679,noun
717,1,value,0.756218122524027,noun
718,1,value,0.9150801036230057,noun
719,1,value,0.742223601675733,noun
720,1,value,0.9172556866837945,noun
721,1,value,0.47731512389813024,noun
722,1,value,0.5253849442275378,noun
723,1,value,0.9734248496377103,noun
724,1,value,0.6726774204602984,noun
725,1,value,0.8861521002260055,noun
726,1,value,0.529599646048508,noun
727,1,value,0.7335173966757702,noun
728,1,value,0.6807200528088317,noun
729,1,value,0.9703070864960789,noun
730,1,value,0.7747603199872078,noun
731,1,value,0.8158448226160286,noun
732,1,value,0.5670735527229427,noun
733,1,value,0.8930819547366488,noun
734,1,value,0.6390188782164499,noun
735,1,value,0.836212180814988,noun
736,1,value,0.7371885661435498,noun
737,1,value,0.9351170378285373,noun
738,1,value,0.8014872774802834,noun
739,1,value,0.8807843434488158,noun
740,1,value,0.7372980704236042,noun
741,1,value,0.7001547425984863,noun
742,1,value,0.4231053221535873,noun
743,1,value,0.8650980750280488,noun
744,1,value,0.7321222548026058,noun
745,1,value,0.427680774219553,noun
746,1,value,0.6172988247125564,noun
747,1,value,0.9816521643297308,noun
748,1,value,0.6887231885783848,noun
749,1,value,0.8402918678591734,noun
750,1,value,0.7622063923353382,noun
751,1,value,0.5824324398266488,noun
752,1,value,0.9766184078844897,noun
753,1,value,0.7488815305372206,noun
754,1,value,0.835115150681573,noun
755,1,value,0.8208209178407492,noun
756,1,value,0.8151181167268253,noun
757,1,value,0.6196453172182058,noun
758,1,value,0.6032682202922159,noun
759,1,value,0.5650150461736678,noun
760,1,value,0.752503551271512,noun
761,1,value,0.9339718448135657,noun
762,1,value,0.7991699506176728,noun
763,1,value,0.7142396628367385,noun
764,1,value,0.7566586269673597,noun
765,1,value,0.7685619984310385,noun
766,1,value,0.7955728277083302,noun
767,1,value,0.3467056438975748,noun
768,1,value,0.6245240083504648,noun
769,1,value,0.5913771794621275,noun
770,1,value,0.7949517224192443,noun
771,1,value,0.7646024866436091,noun
772,1,value,0.9329686292685149,noun
773,1,value,0.5724353758243783,noun
774,1,value,0.7765770515392757,noun
775,1,value,0.854592180491563,noun
776,1,value,0.910304370907368,noun
777,1,value,0.6122364277041618,noun
778,1,value,0.836499241509582,noun
779,1,value,0.8953859991670025,noun
780,1,value,0.795653527000945,noun
781,1,value,0.6571531463991845,noun
782,1,value,0.6538325539739305,noun
783,1,value,0.8548168468174092,noun
784,1,value,0.7725493954313098,noun
785,1,value,0.5257046394267944,noun
786,1,value,0.6839578556866952,noun
787,1,value,0.7356770768922362,noun
788,1,value,0.2702471164891714,noun
789,1,value,0.8297951059703106,noun
790,1,value,0.7862038312628286,noun
791,1,value,0.871118528754158,noun
792,1,value,0.646492708865206,noun
793,1,value,0.9817091312506863,noun
794,1,value,0.5553931967881084,noun
795,1,value,0.664049778434384,noun
796,1,value,0.6207740859400543,noun
797,1,value,0.7706749940671556,noun
798,1,value,0.9851500887807098,noun
799,1,value,0.8112226098703408,noun
800,1,value,0.2819468735147446,noun
801,1,value,0.9877880248411339,noun
802,1,value,0.5295573016582322,noun
803,1,value,0.9150497367835346,noun
804,1,value,0.5805397710773091,noun
805,1,value,0.4277997139772336,noun
806,1,value,0.7021124016998559,noun
807,1,value,0.6356121924162134,noun
808,1,value,0.7568452022462806,noun
809,1,value,0.41084473790442205,noun
810,1,value,0.7751176875069269,noun
811,1,value,0.8228406303995597,noun
812,1,value,0.49734097183340653,noun
813,1,value,0.9080256763992798,noun
814,1,value,0.3501538497649406,noun
815,1,value,0.8839981585482872,noun
816,1,value,0.8184812916055224,noun
817,1,value,0.9092335890721047,noun
818,1,value,0.39007858683438174,noun
819,1,value,0.8558893416598935,noun
820,1,value,0.9256541611729912,noun
821,1,value,0.9849813196225213,noun
822,1,value,0.7949499009056865,noun
823,1,value,0.6835606650205747,noun
824,1,value,0.6280667783940408,noun
825,1,value,0.9301372055570495,noun
826,1,value,0.9579272023398301,noun
827,1,value,0.5607871876670638,noun
828,1,value,0.9423190338656006,noun
829,1,value,0.8059394998574663,noun
830,1,value,0.867505130100772,noun
831,1,value,0.9382719732497147,noun
832,1,value,0.8626499264856278,noun
833,1,value,0.968167604298951,noun
834,1,value,0.8107702780443603,noun
835,1,value,0.6145198607121668,noun
836,1,value,0.8764367566621276,noun
837,1,value,0.5202520725378676,noun
838,1,value,0.44689397358132543,noun
839,1,value,0.4896573468230353,noun
840,1,value,0.9190145503279558,noun
841,1,value,0.47148541043995656,noun
842,1,value,0.9131589252249369,noun
843,1,value,0.977482667714678,noun
844,1,value,0.8064170357884919,noun
845,1,value,0.8828998475828498,noun
846,1,value,0.7287035698221934,noun
847,1,value,0.9263488505850247,noun
848,1,value,0.92902560761657,noun
849,1,value,0.6417572759578403,noun
850,1,value,0.7541591177104159,noun
851,1,value,0.9274756202901651,noun
852,1,value,0.5677127497672853,noun
853,1,value,0.6622570256391334,noun
854,1,value,0.6834959815424558,noun
855,1,value,0.9348786845850331,noun
856,1,value,0.9196172327508056,noun
857,1,value,0.4503542118952813,noun
858,1,value,0.8092854890056986,noun
859,1,value,0.7462491209835951,noun
860,1,value,0.9890120368884913,noun
861,1,value,0.7468631043777216,noun
862,1,value,0.8013269112173352,noun
863,1,value,0.3088225537951055,noun
864,1,value,0.8674868002146927,noun
865,1,value,0.7526591156617518,noun
866,1,value,0.8697706158762768,noun
867,1,value,0.9934686476507211,noun
868,1,value,0.7735266153330983,noun
869,1,value,0.36273556615350655,noun
870,1,value,0.9951479592115775,noun
871,1,value,0.9537996972757627,noun
872,1,value,0.49001949501624525,noun
873,1,value,0.6455502237817611,noun
874,1,value,0.825971280678242,noun
875,1,value,0.8175624560471685,noun
876,1,value,0.9047030738157532,noun
877,1,value,0.6810496211953949,noun
878,1,value,0.904345509341863,noun
879,1,value,0.6926814096888811,noun
880,1,value,0.8060828437334987,noun
881,1,value,0.5801396853416678,noun
882,1,value,0.8855051298052398,noun
883,1,value,0.7476277843843574,noun
884,1,value,0.9799389946104554,noun
885,1,value,0.8434343018066544,noun
886,1,value,0.8196228990124735,noun
887,1,value,0.8734203237991455,noun
888,1,value,0.713735965703118,noun
889,1,value,0.950673456031878,noun
890,1,value,0.870098066181705,noun
891,1,value,0.8113707265256376,noun
892,1,value,0.5691360863421275,noun
893,1,value,0.9699883452834794,noun
894,1,value,0.8129607723837972,noun
895,1,value,0.510024667316963,noun
896,1,value,0.864220553767988,noun
897,1,value,0.9848754940036478,noun
898,1,value,0.6736640481151251,noun
899,1,value,0.7303999684711312,noun
900,1,value,0.9498772654907504,noun
901,1,value,0.40706618967104685,noun
902,1,value,0.8798553344152378,noun
903,1,value,0.6470903968180517,noun
904,1,value,0.8343741014963413,noun
905,1,value,0.9640878077635713,noun
906,1,value,0.764207689936118,noun
907,1,value,0.6334588097450389,noun
908,1,value,0.9144385004367882,noun
909,1,value,0.6696229360679379,noun
910,1,value,0.8786439095465204,noun
911,1,value,0.6012721772881923,noun
912,1,value,0.5216931226335859,noun
913,1,value,0.7002542813790841,noun
914,1,value,0.19651591807278604,noun
915,1,value,0.8418040553518011,noun
916,1,value,0.9727305567197805,noun
917,1,value,0.5685158299376809,noun
918,1,value,0.8290303079575799,noun
919,1,value,0.6895977713005891,noun
920,1,value,0.9701714344707867,noun
921,1,value,0.7705330411545623,noun
922,1,value,0.9980715719035946,noun
923,1,value,0.6346222609416582,noun
924,1,value,0.6554631294926397,noun
925,1,value,0.8242159830351088,noun
926,1,value,0.2556046528393272,noun
927,1,value,0.9311946600172808,noun
928,1,value,0.6513558751618604,noun
929,1,value,0.45724369113403657,noun
930,1,value,0.8124298994115058,noun
931,1,value,0.7714869941062471,noun
932,1,value,0.8088920861178928,noun
933,1,value,0.9359616842040619,noun
934,1,value,0.7800881956689876,noun
935,1,value,0.562496454116484,noun
936,1,value,0.9659385586610325,noun
937,1,value,0.7740404657589977,noun
938,1,value,0.8895750843961183,noun
939,1,value,0.9693905818243823,noun
940,1,value,0.7902767214372429,noun
941,1,value,0.7923894452720565,noun
942,1,value,0.688336086358079,noun
943,1,value,0.7618534577229032,noun
944,1,value,0.5773812123720008,noun
945,1,value,0.9922191626367524,noun
946,1,value,0.9209928664827437,noun
947,1,value,0.9011532440973578,noun
948,1,value,0.990222274732405,noun
949,1,value,0.9476836546396135,noun
950,1,value,0.9318011093086742,noun
951,1,value,0.7138205360566602,noun
952,1,value,0.5721098359896788,noun
953,1,value,0.8399149648071581,noun
954,1,value,0.537861815933479,noun
955,1,value,0.6307801665026431,noun
956,1,value,0.7440400689270544,noun
957,1,value,0.7312499950284136,noun
958,1,value,0.9222799204834415,noun
959,1,value,0.8526564863757643,noun
960,1,value,0.8419204042521049,noun
961,1,value,0.6940680419976542,noun
962,1,value,0.9938410374910539,noun
963,1,value,0.8892871168976225,noun
964,1,value,0.7430813635821932,noun
965,1,value,0.9819048262456709,noun
966,1,value,0.8522806250926406,noun
967,1,value,0.7036426509513595,noun
968,1,value,0.9799613140344557,noun
969,1,value,0.6988823640459467,noun
970,1,value,0.6578096373249589,noun
971,1,value,0.7231036839587055,noun
972,1,value,0.9244217849030324,noun
973,1,value,0.9780477482032829,noun
974,1,value,0.9695359399346294,noun
975,1,value,0.8564723541017041,noun
976,1,value,0.7228984831988792,noun
977,1,value,0.9105063252993686,noun
978,1,value,0.7516237680947783,noun
979,1,value,0.9174771003208734,noun
980,1,value,0.9352618769860097,noun
981,1,value,0.9809317086153495,noun
982,1,value,0.9558399562477112,noun
983,1,value,0.9199487187335732,noun
984,1,value,0.9577741471428435,noun
985,1,value,0.9197724931426766,noun
986,1,value,0.9457316109952456,noun
987,1,value,0.6684281090913594,noun
988,1,value,0.9824474640697891,noun
989,1,value,0.9842256791210074,noun
990,1,value,0.8948713560895367,noun
991,1,value,0.7954860479541107,noun
992,1,value,0.89694421445508,noun
993,1,value,0.6490800466769017,noun
994,1,value,0.48863248272226617,noun
995,1,value,0.9031987464494414,noun
996,1,value,0.41296086187018716,noun
997,1,value,0.573388524367278,noun
998,1,value,0.6524269137932787,noun
999,1,value,0.6437921116531359,noun
1000,1,value,0.6047749812165715,noun
1,1,value,0.41555098554921904,adjective noun
2,1,value,0.5848613544349298,adjective noun
3,1,value,0.7744810918101538,adjective noun
4,1,value,0.5321501930250977,adjective noun
5,1,value,0.7415619025851548,adjective noun
6,1,value,0.21664713300163366,adjective noun
7,1,value,0.3159203324006703,adjective noun
8,1,value,0.5475011508566481,adjective noun
9,1,value,0.48945187838430354,adjective noun
10,1,value,0.13085097500649154,adjective noun
11,1,value,0.6557774755363323,adjective noun
12,1,value,0.7473521116184558,adjective noun
13,1,value,0.7140462644983673,adjective noun
14,1,value,0.5855553288695301,adjective noun
15,1,value,0.7290347507599996,adjective noun
16,1,value,0.9916096571956801,adjective noun
17,1,value,0.32073713374293267,adjective noun
18,1,value,0.511353883286658,adjective noun
19,1,value,0.881108751285751,adjective noun
20,1,value,0.9494999046345197,adjective noun
21,1,value,0.5136039848773974,adjective noun
22,1,value,0.9351498124863158,adjective noun
23,1,value,0.44720873801806366,adjective noun
24,1,value,0.45141209603630195,adjective noun
25,1,value,0.6333082800814386,adjective noun
26,1,value,0.849174225363774,adjective noun
27,1,value,0.4951028669006676,adjective noun
28,1,value,0.5391570095111026,adjective noun
29,1,value,0.608135702549861,adjective noun
30,1,value,0.8779364542524436,adjective noun
31,1,value,0.15503264523099447,adjective noun
32,1,value,0.16130401086784035,adjective noun
33,1,value,0.4752656949351078,adjective noun
34,1,value,0.9515277132698728,adjective noun
35,1,value,0.6413472684372867,adjective noun
36,1,value,0.4867792318697885,adjective noun
37,1,value,0.4711083822059021,adjective noun
38,1,value,0.9783065119208074,adjective noun
39,1,value,0.8221968148031529,adjective noun
40,1,value,0.9876581593971524,adjective noun
41,1,value,0.32859510251943064,adjective noun
42,1,value,0.8676809150545869,adjective noun
43,1,value,0.7178420858419263,adjective noun
44,1,value,0.6854529430321642,adjective noun
45,1,value,0.3144291340011338,adjective noun
46,1,value,0.7489518192538827,adjective noun
47,1,value,0.5724772666411093,adjective noun
48,1,value,0.33090553141914836,adjective noun
49,1,value,0.7800761548260772,adjective noun
50,1,value,0.9530822204596808,adjective noun
51,1,value,0.17805666436649503,adjective noun
52,1,value,0.364065176794021,adjective noun
53,1,value,0.41142593709468,adjective noun
54,1,value,0.2823051490742351,adjective noun
55,1,value,0.9418444889856668,adjective noun
56,1,value,0.7637466269499241,adjective noun
57,1,value,0.4309901147926066,adjective noun
58,1,value,0.4712977862391785,adjective noun
59,1,value,0.4345591121823531,adjective noun
60,1,value,0.15348270132065575,adjective noun
61,1,value,0.24121528405649267,adjective noun
62,1,value,0.7439173979532148,adjective noun
63,1,value,0.5838449860332952,adjective noun
64,1,value,0.399644087063573,adjective noun
65,1,value,0.2564612082364858,adjective noun
66,1,value,0.18458295152583848,adjective noun
67,1,value,0.9149803907205588,adjective noun
68,1,value,0.5613445920345407,adjective noun
69,1,value,0.5110499394417708,adjective noun
70,1,value,0.7144291238234246,adjective noun
71,1,value,0.5102153500987092,adjective noun
72,1,value,0.9162451875499045,adjective noun
73,1,value,0.9127419153065253,adjective noun
74,1,value,0.9057667894112029,adjective noun
75,1,value,0.8096893920808925,adjective noun
76,1,value,0.3265745085335577,adjective noun
77,1,value,0.14478172301289985,adjective noun
78,1,value,0.4138920654084176,adjective noun
79,1,value,0.49140989301284366,adjective noun
80,1,value,0.4328384377234728,adjective noun
81,1,value,0.28701874419279316,adjective noun
82,1,value,0.20421658973889859,adjective noun
83,1,value,0.671335284711644,adjective noun
84,1,value,0.6313381083352537,adjective noun
85,1,value,0.19427753839144643,adjective noun
86,1,value,0.7031028018568396,adjective noun
87,1,value,0.990903674239322,adjective noun
88,1,value,0.4503455524604708,adjective noun
89,1,value,0.45230551546815717,adjective noun
90,1,value,0.1423468025298673,adjective noun
91,1,value,0.51274685309891,adjective noun
92,1,value,0.25547271106721636,adjective noun
93,1,value,0.00995147341956194,adjective noun
94,1,value,0.3207286450616363,adjective noun
95,1,value,0.6215758166190453,adjective noun
96,1,value,0.979929867549945,adjective noun
97,1,value,0.8484052108640351,adjective noun
98,1,value,0.2893364548313882,adjective noun
99,1,value,0.8777481720142833,adjective noun
100,1,value,0.8609176077933589,adjective noun
101,1,value,0.867508407178933,adjective noun
102,1,value,0.09273839588530848,adjective noun
103,1,value,0.3693548922531093,adjective noun
104,1,value,0.7365986521616762,adjective noun
105,1,value,0.8073488056749781,adjective noun
106,1,value,0.7397010073819298,adjective noun
107,1,value,0.9678954386115376,adjective noun
108,1,value,0.4809775282658732,adjective noun
109,1,value,0.8896322689064692,adjective noun
110,1,value,0.43216856034227025,adjective noun
111,1,value,0.3514203159865757,adjective noun
112,1,value,0.965824450419652,adjective noun
113,1,value,0.5532438776494114,adjective noun
114,1,value,0.7378328155064522,adjective noun
115,1,value,0.08951638761501497,adjective noun
116,1,value,0.1831868217263544,adjective noun
117,1,value,0.21933663841310855,adjective noun
118,1,value,0.9660291884721771,adjective noun
119,1,value,0.9515089880916892,adjective noun
120,1,value,0.9198342492673499,adjective noun
121,1,value,0.6293758823916508,adjective noun
122,1,value,0.6968887597892613,adjective noun
123,1,value,0.6423005233450009,adjective noun
124,1,value,0.9605352239124165,adjective noun
125,1,value,0.3302168869574069,adjective noun
126,1,value,0.8514717351553447,adjective noun
127,1,value,0.8476508498309608,adjective noun
128,1,value,0.35685738339460193,adjective noun
129,1,value,0.9078834989958359,adjective noun
130,1,value,0.6372642401980695,adjective noun
131,1,value,0.9678301331232062,adjective noun
132,1,value,0.9876575456797573,adjective noun
133,1,value,0.812445426891773,adjective noun
134,1,value,0.39159553535286346,adjective noun
135,1,value,0.4660286621410098,adjective noun
136,1,value,0.7474340599647367,adjective noun
137,1,value,0.9666072127526772,adjective noun
138,1,value,0.22824329045835426,adjective noun
139,1,value,0.4346336291165171,adjective noun
140,1,value,0.409054161087125,adjective noun
141,1,value,0.5712408954583014,adjective noun
142,1,value,0.7724634060158079,adjective noun
143,1,value,0.8298630253574364,adjective noun
144,1,value,0.30421166403836186,adjective noun
145,1,value,0.7942762302449522,adjective noun
146,1,value,0.14075827859656412,adjective noun
147,1,value,0.7182580571352248,adjective noun
148,1,value,0.30600090187920054,adjective noun
149,1,value,0.2221719732730813,adjective noun
150,1,value,0.8578707045447792,adjective noun
151,1,value,0.8077379336994631,adjective noun
152,1,value,0.854305123993595,adjective noun
153,1,value,0.7662664547128858,adjective noun
154,1,value,0.6883263365882053,adjective noun
155,1,value,0.3464754808079186,adjective noun
156,1,value,0.13798633244169395,adjective noun
157,1,value,0.5823672904734486,adjective noun
158,1,value,0.3885169316281406,adjective noun
159,1,value,0.6748874318109823,adjective noun
160,1,value,0.9307449870531385,adjective noun
161,1,value,0.7347656279990167,adjective noun
162,1,value,0.8105606307152019,adjective noun
163,1,value,0.28088017596159914,adjective noun
164,1,value,0.8401311138335398,adjective noun
165,1,value,0.7188975348081246,adjective noun
166,1,value,0.39580347237588626,adjective noun
167,1,value,0.7853530674140196,adjective noun
168,1,value,0.1995377189613708,adjective noun
169,1,value,0.8106996740609552,adjective noun
170,1,value,0.3871938890459917,adjective noun
171,1,value,0.434707699339713,adjective noun
172,1,value,0.5561134516724576,adjective noun
173,1,value,0.6095312448650786,adjective noun
174,1,value,0.6129570497288294,adjective noun
175,1,value,0.23648736252749397,adjective noun
176,1,value,0.7995876373058133,adjective noun
177,1,value,0.7000830892343718,adjective noun
178,1,value,0.2974088802196459,adjective noun
179,1,value,0.7926147188549189,adjective noun
180,1,value,0.7634427210884899,adjective noun
181,1,value,0.9525100949799508,adjective noun
182,1,value,0.8202412721577798,adjective noun
183,1,value,0.9118349488163903,adjective noun
184,1,value,0.8858694909423172,adjective noun
185,1,value,0.34421447249278597,adjective noun
186,1,value,0.6997718819360291,adjective noun
187,1,value,0.4688535957850929,adjective noun
188,1,value,0.6396663536116513,adjective noun
189,1,value,0.7082795411070519,adjective noun
190,1,value,0.8369083159301488,adjective noun
191,1,value,0.5766526366501279,adjective noun
192,1,value,0.4600198460224261,adjective noun
193,1,value,0.10036507529480757,adjective noun
194,1,value,0.7287209514915697,adjective noun
195,1,value,0.7736992491487514,adjective noun
196,1,value,0.602342690172761,adjective noun
197,1,value,0.5203435647307887,adjective noun
198,1,value,0.12090777518323705,adjective noun
199,1,value,0.9435862469832573,adjective noun
200,1,value,0.25443882406833435,adjective noun
201,1,value,0.629544512951818,adjective noun
202,1,value,0.7394468738276941,adjective noun
203,1,value,0.8863919448057214,adjective noun
204,1,value,0.3275411821482571,adjective noun
205,1,value,0.12546725138109807,adjective noun
206,1,value,0.4830008812059627,adjective noun
207,1,value,0.6511067298671034,adjective noun
208,1,value,0.4908817799411398,adjective noun
209,1,value,0.24029686696393734,adjective noun
210,1,value,0.5908627160891676,adjective noun
211,1,value,0.7266104404592724,adjective noun
212,1,value,0.27589408709719426,adjective noun
213,1,value,0.1443432734303727,adjective noun
214,1,value,0.6010550154298899,adjective noun
215,1,value,0.5760105898251607,adjective noun
216,1,value,0.4908237109680804,adjective noun
217,1,value,0.14436275672347607,adjective noun
218,1,value,0.9464334393049602,adjective noun
219,1,value,0.7644728510133046,adjective noun
220,1,value,0.9334691846894411,adjective noun
221,1,value,0.9522780494555679,adjective noun
222,1,value,0.45243935312270783,adjective noun
223,1,value,0.12605825353279024,adjective noun
224,1,value,0.35679951101817686,adjective noun
225,1,value,0.8079854673673789,adjective noun
226,1,value,0.6295023175170771,adjective noun
227,1,value,0.254167224532354,adjective noun
228,1,value,0.3281193724850309,adjective noun
229,1,value,0.49849980582687153,adjective noun
230,1,value,0.11789069454177745,adjective noun
231,1,value,0.0916739299683732,adjective noun
232,1,value,0.7338026063940738,adjective noun
233,1,value,0.6748141246058681,adjective noun
234,1,value,0.24495154145322803,adjective noun
235,1,value,0.7382624018069824,adjective noun
236,1,value,0.5473618563656576,adjective noun
237,1,value,0.28897729375520287,adjective noun
238,1,value,0.5463766087804622,adjective noun
239,1,value,0.40014973694129163,adjective noun
240,1,value,0.20521723549707024,adjective noun
241,1,value,0.9726277689890624,adjective noun
242,1,value,0.6407961290940839,adjective noun
243,1,value,0.8369480515312668,adjective noun
244,1,value,0.7167454281158595,adjective noun
245,1,value,0.45507250876859917,adjective noun
246,1,value,0.9831617840537593,adjective noun
247,1,value,0.3128171543232616,adjective noun
248,1,value,0.7601225196837635,adjective noun
249,1,value,0.45431795272011766,adjective noun
250,1,value,0.7373824713348478,adjective noun
251,1,value,0.7425339244743765,adjective noun
252,1,value,0.2930383368928889,adjective noun
253,1,value,0.34414251168645704,adjective noun
254,1,value,0.42984631424459463,adjective noun
255,1,value,0.26633119206276046,adjective noun
256,1,value,0.27678428735586375,adjective noun
257,1,value,0.1219249712757413,adjective noun
258,1,value,0.4405272886698399,adjective noun
259,1,value,0.8708026566982993,adjective noun
260,1,value,0.1758722093853882,adjective noun
261,1,value,0.6288852627809408,adjective noun
262,1,value,0.3005461826708218,adjective noun
263,1,value,0.5837142192233087,adjective noun
264,1,value,0.9744157682218366,adjective noun
265,1,value,0.6880805548682886,adjective noun
266,1,value,0.617199710333108,adjective noun
267,1,value,0.7239922114362574,adjective noun
268,1,value,0.4731078559233118,adjective noun
269,1,value,0.5169404179586504,adjective noun
270,1,value,0.44709051455831217,adjective noun
271,1,value,0.8168384902188909,adjective noun
272,1,value,0.4898600968109551,adjective noun
273,1,value,0.997832745449615,adjective noun
274,1,value,0.2063704213931529,adjective noun
275,1,value,0.9579979903885258,adjective noun
276,1,value,0.5807257154739108,adjective noun
277,1,value,0.18953468338146412,adjective noun
278,1,value,0.7583181805324112,adjective noun
279,1,value,0.8698242909677442,adjective noun
280,1,value,0.267811251181849,adjective noun
281,1,value,0.7897931467482722,adjective noun
282,1,value,0.6268787170045192,adjective noun
283,1,value,0.34199115319743467,adjective noun
284,1,value,0.2147330844972249,adjective noun
285,1,value,0.08614793345836054,adjective noun
286,1,value,0.5590404197130859,adjective noun
287,1,value,0.6390474540639166,adjective noun
288,1,value,0.5048700057549687,adjective noun
289,1,value,0.7231707287592748,adjective noun
290,1,value,0.5315667085081184,adjective noun
291,1,value,0.8107523371200984,adjective noun
292,1,value,0.7641840085073601,adjective noun
293,1,value,0.27278361990255484,adjective noun
294,1,value,0.2518277710227554,adjective noun
295,1,value,0.7494934735684218,adjective noun
296,1,value,0.5220135065347833,adjective noun
297,1,value,0.2261737404181414,adjective noun
298,1,value,0.84317593281154,adjective noun
299,1,value,0.6384786447962831,adjective noun
300,1,value,0.5785113492937851,adjective noun
301,1,value,0.6274316945806373,adjective noun
302,1,value,0.4518486733581616,adjective noun
303,1,value,0.6458695165086175,adjective noun
304,1,value,0.38140525336434916,adjective noun
305,1,value,0.872816616022311,adjective noun
306,1,value,0.6189276719673648,adjective noun
307,1,value,0.3226381751340724,adjective noun
308,1,value,0.8933691805324445,adjective noun
309,1,value,0.13783653222488323,adjective noun
310,1,value,0.42102052153229996,adjective noun
311,1,value,0.7671184949416541,adjective noun
312,1,value,0.8059090669703131,adjective noun
313,1,value,0.6002811573693085,adjective noun
314,1,value,0.2912874147651069,adjective noun
315,1,value,0.37371278143932873,adjective noun
316,1,value,0.6337447879186691,adjective noun
317,1,value,0.9877347482732768,adjective noun
318,1,value,0.9027904720054271,adjective noun
319,1,value,0.836733988190518,adjective noun
320,1,value,0.8884494466599029,adjective noun
321,1,value,0.4627879331049996,adjective noun
322,1,value,0.8689225683776971,adjective noun
323,1,value,0.11396311511253505,adjective noun
324,1,value,0.13402058888888727,adjective noun
325,1,value,0.3111041329379318,adjective noun
326,1,value,0.7442083925771023,adjective noun
327,1,value,0.6808005317245793,adjective noun
328,1,value,0.6516503387146888,adjective noun
329,1,value,0.44500794509712205,adjective noun
330,1,value,0.9105626277450388,adjective noun
331,1,value,0.25565987756243186,adjective noun
332,1,value,0.8095632258812225,adjective noun
333,1,value,0.3227488749673029,adjective noun
334,1,value,0.36556297622369455,adjective noun
335,1,value,0.659338993626165,adjective noun
336,1,value,0.9697119260747807,adjective noun
337,1,value,0.9001520008006213,adjective noun
338,1,value,0.898540511313913,adjective noun
339,1,value,0.6658269327685896,adjective noun
340,1,value,0.6143222959343619,adjective noun
341,1,value,0.8955013888856417,adjective noun
342,1,value,0.5646015770185094,adjective noun
343,1,value,0.9555657400300734,adjective noun
344,1,value,0.9954716429864833,adjective noun
345,1,value,0.8719907527107883,adjective noun
346,1,value,0.9625439927245207,adjective noun
347,1,value,0.9573947505376343,adjective noun
348,1,value,0.9690130022403611,adjective noun
349,1,value,0.7972291307668822,adjective noun
350,1,value,0.7878491541668858,adjective noun
351,1,value,0.4887835383430057,adjective noun
352,1,value,0.9148302964992702,adjective noun
353,1,value,0.4514608374581655,adjective noun
354,1,value,0.15637039541982967,adjective noun
355,1,value,0.3090635385305622,adjective noun
356,1,value,0.9705438304366589,adjective noun
357,1,value,0.05871408562852509,adjective noun
358,1,value,0.9839880210744741,adjective noun
359,1,value,0.36744698782427426,adjective noun
360,1,value,0.709896675258472,adjective noun
361,1,value,0.8978542718696552,adjective noun
362,1,value,0.5989986453982735,adjective noun
363,1,value,0.5141225079917454,adjective noun
364,1,value,0.8726364112891603,adjective noun
365,1,value,0.6546929696701522,adjective noun
366,1,value,0.5034427800314147,adjective noun
367,1,value,0.9592292661417742,adjective noun
368,1,value,0.2362662228455798,adjective noun
369,1,value,0.5944007419786735,adjective noun
370,1,value,0.7214786098097704,adjective noun
371,1,value,0.13799448953028556,adjective noun
372,1,value,0.37272381146469563,adjective noun
373,1,value,0.5750802117919351,adjective noun
374,1,value,0.7691905584176207,adjective noun
375,1,value,0.9135197882630404,adjective noun
376,1,value,0.6185799262583269,adjective noun
377,1,value,0.519440671756466,adjective noun
378,1,value,0.3957867539487159,adjective noun
379,1,value,0.4185028842210266,adjective noun
380,1,value,0.8133946454406644,adjective noun
381,1,value,0.6957242775973699,adjective noun
382,1,value,0.4361620805407872,adjective noun
383,1,value,0.7083040833042483,adjective noun
384,1,value,0.6889550076649334,adjective noun
385,1,value,0.530548726944686,adjective noun
386,1,value,0.49580900920765475,adjective noun
387,1,value,0.6630106112244967,adjective noun
388,1,value,0.16370998760166164,adjective noun
389,1,value,0.16066018504267654,adjective noun
390,1,value,0.8165457479651127,adjective noun
391,1,value,0.5913760503015064,adjective noun
392,1,value,0.0714113313589461,adjective noun
393,1,value,0.2628873422786924,adjective noun
394,1,value,0.0630462239405212,adjective noun
395,1,value,0.67672494563141,adjective noun
396,1,value,0.6754038134334601,adjective noun
397,1,value,0.8516071570805737,adjective noun
398,1,value,0.5230464561815888,adjective noun
399,1,value,0.3009106178774643,adjective noun
400,1,value,0.7620392135547834,adjective noun
401,1,value,0.5291589636413302,adjective noun
402,1,value,0.9849379931607886,adjective noun
403,1,value,0.42001837982605666,adjective noun
404,1,value,0.536766944816879,adjective noun
405,1,value,0.4830548499162574,adjective noun
406,1,value,0.7896152535078717,adjective noun
407,1,value,0.025904473162139632,adjective noun
408,1,value,0.3505914417715696,adjective noun
409,1,value,0.13421666088422232,adjective noun
410,1,value,0.1679740310692347,adjective noun
411,1,value,0.3475909866916406,adjective noun
412,1,value,0.6602836886635927,adjective noun
413,1,value,0.6505174164472863,adjective noun
414,1,value,0.48257047202051107,adjective noun
415,1,value,0.17513341069825983,adjective noun
416,1,value,0.3180551973864847,adjective noun
417,1,value,0.3856149999706039,adjective noun
418,1,value,0.8754266919689646,adjective noun
419,1,value,0.4274321076776399,adjective noun
420,1,value,0.3351433688874321,adjective noun
421,1,value,0.9197484778166337,adjective noun
422,1,value,0.6047559882881245,adjective noun
423,1,value,0.78153316955198,adjective noun
424,1,value,0.49335520601921606,adjective noun
425,1,value,0.6645844474476602,adjective noun
426,1,value,0.1309780080316698,adjective noun
427,1,value,0.7978083133800461,adjective noun
428,1,value,0.15523720648820366,adjective noun
429,1,value,0.5550636220051205,adjective noun
430,1,value,0.2656512255115494,adjective noun
431,1,value,0.5285597760201769,adjective noun
432,1,value,0.6992108609916514,adjective noun
433,1,value,0.710008961893515,adjective noun
434,1,value,0.35571404651637756,adjective noun
435,1,value,0.9561164306677914,adjective noun
436,1,value,0.4140905529873322,adjective noun
437,1,value,0.8290323264448476,adjective noun
438,1,value,0.9462009158428737,adjective noun
439,1,value,0.848839967088544,adjective noun
440,1,value,0.9634917769244937,adjective noun
441,1,value,0.9446499500629152,adjective noun
442,1,value,0.7132193769874943,adjective noun
443,1,value,0.720207551171653,adjective noun
444,1,value,0.25523766950535187,adjective noun
445,1,value,0.8260282737632738,adjective noun
446,1,value,0.5896589514472182,adjective noun
447,1,value,0.7312457209998156,adjective noun
448,1,value,0.10332893729986738,adjective noun
449,1,value,0.9110322863503391,adjective noun
450,1,value,0.4948659355262778,adjective noun
451,1,value,0.7755605414747188,adjective noun
452,1,value,0.9426409221135523,adjective noun
453,1,value,0.677823031537836,adjective noun
454,1,value,0.5443632718179803,adjective noun
455,1,value,0.7865613620957802,adjective noun
456,1,value,0.7289574779302286,adjective noun
457,1,value,0.2539126074157038,adjective noun
458,1,value,0.49302610123885615,adjective noun
459,1,value,0.8318950121872362,adjective noun
460,1,value,0.9038420266895005,adjective noun
461,1,value,0.8439846389462602,adjective noun
462,1,value,0.3519970036709591,adjective noun
463,1,value,0.8723413729017232,adjective noun
464,1,value,0.7725704555382947,adjective noun
465,1,value,0.5454541565667029,adjective noun
466,1,value,0.9884578629896689,adjective noun
467,1,value,0.6056801767901118,adjective noun
468,1,value,0.41035754339816444,adjective noun
469,1,value,0.3555380464536608,adjective noun
470,1,value,0.8420082160921736,adjective noun
471,1,value,0.6433980955250692,adjective noun
472,1,value,0.30014771289764064,adjective noun
473,1,value,0.1501837319127411,adjective noun
474,1,value,0.4912834778860915,adjective noun
475,1,value,0.2430020025153164,adjective noun
476,1,value,0.5640423683619306,adjective noun
477,1,value,0.829904933838303,adjective noun
478,1,value,0.23334436496711494,adjective noun
479,1,value,0.6605574054903102,adjective noun
480,1,value,0.39798283505388043,adjective noun
481,1,value,0.9877717473890132,adjective noun
482,1,value,0.34457047667840673,adjective noun
483,1,value,0.8611271398063227,adjective noun
484,1,value,0.10995058932171103,adjective noun
485,1,value,0.6929390934008137,adjective noun
486,1,value,0.9070634208443394,adjective noun
487,1,value,0.1252557705389282,adjective noun
488,1,value,0.5462125309558907,adjective noun
489,1,value,0.6366311972652559,adjective noun
490,1,value,0.4459628233594257,adjective noun
491,1,value,0.890179950628617,adjective noun
492,1,value,0.985118055059381,adjective noun
493,1,value,0.5704365722833793,adjective noun
494,1,value,0.07731369623544335,adjective noun
495,1,value,0.4980111010266135,adjective noun
496,1,value,0.7694380717667619,adjective noun
497,1,value,0.9362558209776527,adjective noun
498,1,value,0.3163908540933606,adjective noun
499,1,value,0.14362321384064455,adjective noun
500,1,value,0.5124487691591936,adjective noun
501,1,value,0.3338454386941081,adjective noun
502,1,value,0.918099318074299,adjective noun
503,1,value,0.6765490950388169,adjective noun
504,1,value,0.25910435536040055,adjective noun
505,1,value,0.42675800833468885,adjective noun
506,1,value,0.7575890403946186,adjective noun
507,1,value,0.5918910804271947,adjective noun
508,1,value,0.08317971650028186,adjective noun
509,1,value,0.9351405382356456,adjective noun
510,1,value,0.8350625384147287,adjective noun
511,1,value,0.1434746851516068,adjective noun
512,1,value,0.14643722195546002,adjective noun
513,1,value,0.13279591634007462,adjective noun
514,1,value,0.7484484155400435,adjective noun
515,1,value,0.7306222820194757,adjective noun
516,1,value,0.6448399245631136,adjective noun
517,1,value,0.9669442521353669,adjective noun
518,1,value,0.37954821265616073,adjective noun
519,1,value,0.7891254830123037,adjective noun
520,1,value,0.29061162235773935,adjective noun
521,1,value,0.561149693150245,adjective noun
522,1,value,0.8333139082021433,adjective noun
523,1,value,0.9730394242115624,adjective noun
524,1,value,0.7634929568517574,adjective noun
525,1,value,0.5135558186295144,adjective noun
526,1,value,0.2457793709342722,adjective noun
527,1,value,0.44375054542329523,adjective noun
528,1,value,0.47346097512349294,adjective noun
529,1,value,0.7150173678574676,adjective noun
530,1,value,0.281221507701742,adjective noun
531,1,value,0.3674994896938,adjective noun
532,1,value,0.6373563341839096,adjective noun
533,1,value,0.723033760409292,adjective noun
534,1,value,0.569682956432529,adjective noun
535,1,value,0.42895304986290766,adjective noun
536,1,value,0.32306052474448727,adjective noun
537,1,value,0.3347446593472774,adjective noun
538,1,value,0.29082030278064774,adjective noun
539,1,value,0.9543944761852367,adjective noun
540,1,value,0.29643960583259205,adjective noun
541,1,value,0.2149122642825335,adjective noun
542,1,value,0.1312636095790896,adjective noun
543,1,value,0.4719779088033973,adjective noun
544,1,value,0.784131363609053,adjective noun
545,1,value,0.598450642193637,adjective noun
546,1,value,0.7003749634366381,adjective noun
547,1,value,0.4707514367727379,adjective noun
548,1,value,0.9696273439912857,adjective noun
549,1,value,0.8978806890003395,adjective noun
550,1,value,0.6926894894921869,adjective noun
551,1,value,0.43129720508584335,adjective noun
552,1,value,0.32443290196232577,adjective noun
553,1,value,0.6037570248655971,adjective noun
554,1,value,0.8356866229488525,adjective noun
555,1,value,0.38029473740794417,adjective noun
556,1,value,0.32825224857030605,adjective noun
557,1,value,0.9211571007903175,adjective noun
558,1,value,0.8122321990331092,adjective noun
559,1,value,0.5732945294090238,adjective noun
560,1,value,0.6850280791038681,adjective noun
561,1,value,0.309107883386478,adjective noun
562,1,value,0.5457526754951452,adjective noun
563,1,value,0.4607953731488248,adjective noun
564,1,value,0.3381635241829647,adjective noun
565,1,value,0.8476469635407872,adjective noun
566,1,value,0.8702478743890609,adjective noun
567,1,value,0.9605382608061553,adjective noun
568,1,value,0.9378103782301577,adjective noun
569,1,value,0.8422044925743494,adjective noun
570,1,value,0.8314324333390896,adjective noun
571,1,value,0.9547664261089223,adjective noun
572,1,value,0.30390799310250616,adjective noun
573,1,value,0.28342630214881426,adjective noun
574,1,value,0.6051338528820861,adjective noun
575,1,value,0.375418895728057,adjective noun
576,1,value,0.3058522596219004,adjective noun
577,1,value,0.5103747179647371,adjective noun
578,1,value,0.2785632508784273,adjective noun
579,1,value,0.710888368194004,adjective noun
580,1,value,0.41320905851175826,adjective noun
581,1,value,0.7923457751201792,adjective noun
582,1,value,0.2381670932590916,adjective noun
583,1,value,0.7875726525320609,adjective noun
584,1,value,0.9581806198549278,adjective noun
585,1,value,0.24020591964903543,adjective noun
586,1,value,0.4891345161386354,adjective noun
587,1,value,0.6592366386889642,adjective noun
588,1,value,0.9494148516458124,adjective noun
589,1,value,0.7145269394516461,adjective noun
590,1,value,0.540485478708558,adjective noun
591,1,value,0.6352093447477408,adjective noun
592,1,value,0.5461226270584121,adjective noun
593,1,value,0.14511484016165205,adjective noun
594,1,value,0.6039886363768703,adjective noun
595,1,value,0.9483289948879401,adjective noun
596,1,value,0.26580733473580476,adjective noun
597,1,value,0.3430865396663835,adjective noun
598,1,value,0.2731403744815316,adjective noun
599,1,value,0.6044444145614065,adjective noun
600,1,value,0.35656393456564,adjective noun
601,1,value,0.6877692824303135,adjective noun
602,1,value,0.12561173598777323,adjective noun
603,1,value,0.9213904069125534,adjective noun
604,1,value,0.3442503788402281,adjective noun
605,1,value,0.7848930639756069,adjective noun
606,1,value,0.9738908334452478,adjective noun
607,1,value,0.5652178561143192,adjective noun
608,1,value,0.4960084288727875,adjective noun
609,1,value,0.9200557499951266,adjective noun
610,1,value,0.1261529511985047,adjective noun
611,1,value,0.9005276978395811,adjective noun
612,1,value,0.7199269321788228,adjective noun
613,1,value,0.8996811467888655,adjective noun
614,1,value,0.6564244516256214,adjective noun
615,1,value,0.12186701072888688,adjective noun
616,1,value,0.5497825178835193,adjective noun
617,1,value,0.4721393917313425,adjective noun
618,1,value,0.3708629356295554,adjective noun
619,1,value,0.7820248296577905,adjective noun
620,1,value,0.7784104267342675,adjective noun
621,1,value,0.8976986630319187,adjective noun
622,1,value,0.5178277006633966,adjective noun
623,1,value,0.6763112256074514,adjective noun
624,1,value,0.5239157936448852,adjective noun
625,1,value,0.2672436039114142,adjective noun
626,1,value,0.8202864619509207,adjective noun
627,1,value,0.6399579060994431,adjective noun
628,1,value,0.17379910027515003,adjective noun
629,1,value,0.23204012199120624,adjective noun
630,1,value,0.4726763279749985,adjective noun
631,1,value,0.6917894632044109,adjective noun
632,1,value,0.9503135750474611,adjective noun
633,1,value,0.6736635807878931,adjective noun
634,1,value,0.28502331774627376,adjective noun
635,1,value,0.6395982862152017,adjective noun
636,1,value,0.20614431669144823,adjective noun
637,1,value,0.3771878235240692,adjective noun
638,1,value,0.831018250952208,adjective noun
639,1,value,0.26761106526264405,adjective noun
640,1,value,0.7825858241927031,adjective noun
641,1,value,0.22472702363790845,adjective noun
642,1,value,0.4600930472160038,adjective noun
643,1,value,0.7070477011253137,adjective noun
644,1,value,0.7869650469801172,adjective noun
645,1,value,0.602659069811527,adjective noun
646,1,value,0.21152924682289778,adjective noun
647,1,value,0.726152106867217,adjective noun
648,1,value,0.3284132388860204,adjective noun
649,1,value,0.9475710961071023,adjective noun
650,1,value,0.45171550990685944,adjective noun
651,1,value,0.2009730524493669,adjective noun
652,1,value,0.5452173477729569,adjective noun
653,1,value,0.7466527762844042,adjective noun
654,1,value,0.758484420475037,adjective noun
655,1,value,0.7529712278587777,adjective noun
656,1,value,0.9552082364511348,adjective noun
657,1,value,0.6274871358009231,adjective noun
658,1,value,0.36503462504759593,adjective noun
659,1,value,0.8875035644962532,adjective noun
660,1,value,0.4534233195314595,adjective noun
661,1,value,0.9717414980839211,adjective noun
662,1,value,0.566253821777946,adjective noun
663,1,value,0.8162719109493554,adjective noun
664,1,value,0.6519094858027519,adjective noun
665,1,value,0.6482343374763126,adjective noun
666,1,value,0.8686213201540994,adjective noun
667,1,value,0.8550242648788575,adjective noun
668,1,value,0.8083344678806533,adjective noun
669,1,value,0.699212953620272,adjective noun
670,1,value,0.43740843992135336,adjective noun
671,1,value,0.2664681028002855,adjective noun
672,1,value,0.5534980218911165,adjective noun
673,1,value,0.5029538140600708,adjective noun
674,1,value,0.4737800309627256,adjective noun
675,1,value,0.6959197893513838,adjective noun
676,1,value,0.4129708497787493,adjective noun
677,1,value,0.5547666176104551,adjective noun
678,1,value,0.9912302111033777,adjective noun
679,1,value,0.7334717691950424,adjective noun
680,1,value,0.3157979096590963,adjective noun
681,1,value,0.41333871111462345,adjective noun
682,1,value,0.4949337664803264,adjective noun
683,1,value,0.39235221664483183,adjective noun
684,1,value,0.17855395363541143,adjective noun
685,1,value,0.4969184470787905,adjective noun
686,1,value,0.6718391564607672,adjective noun
687,1,value,0.5384016135268666,adjective noun
688,1,value,0.6765809210503679,adjective noun
689,1,value,0.1177326719348943,adjective noun
690,1,value,0.7007886977828879,adjective noun
691,1,value,0.28937045578947795,adjective noun
692,1,value,0.19881170766973078,adjective noun
693,1,value,0.6850634973674173,adjective noun
694,1,value,0.925411657280152,adjective noun
695,1,value,0.1470817769975879,adjective noun
696,1,value,0.5844551528021558,adjective noun
697,1,value,0.7701597602560192,adjective noun
698,1,value,0.7804989678709051,adjective noun
699,1,value,0.9520411687241229,adjective noun
700,1,value,0.7378048227422389,adjective noun
701,1,value,0.9643009357654496,adjective noun
702,1,value,0.7600189373402051,adjective noun
703,1,value,0.9436705430471053,adjective noun
704,1,value,0.7236874948349515,adjective noun
705,1,value,0.09897197294583006,adjective noun
706,1,value,0.5507951621710389,adjective noun
707,1,value,0.9106164395636323,adjective noun
708,1,value,0.8825404350733975,adjective noun
709,1,value,0.3274038843337249,adjective noun
710,1,value,0.8593351249496858,adjective noun
711,1,value,0.6849140729484353,adjective noun
712,1,value,0.3834588342084321,adjective noun
713,1,value,0.958514290065466,adjective noun
714,1,value,0.8561773240649689,adjective noun
715,1,value,0.3717083400338532,adjective noun
716,1,value,0.919991878638402,adjective noun
717,1,value,0.9647714886495045,adjective noun
718,1,value,0.5636577439062164,adjective noun
719,1,value,0.42357606984042195,adjective noun
720,1,value,0.8939803388428507,adjective noun
721,1,value,0.5854458225060108,adjective noun
722,1,value,0.2304117481765432,adjective noun
723,1,value,0.655550978804424,adjective noun
724,1,value,0.5892891148401742,adjective noun
725,1,value,0.6526085094685287,adjective noun
726,1,value,0.6766426655504522,adjective noun
727,1,value,0.9956937107688594,adjective noun
728,1,value,0.8566385074343661,adjective noun
729,1,value,0.43572601635615643,adjective noun
730,1,value,0.3084305947773124,adjective noun
731,1,value,0.3475541352447756,adjective noun
732,1,value,0.3614229244806878,adjective noun
733,1,value,0.49191864603373975,adjective noun
734,1,value,0.35831138642394794,adjective noun
735,1,value,0.8201734268397339,adjective noun
736,1,value,0.4329452861869898,adjective noun
737,1,value,0.32963983593668744,adjective noun
738,1,value,0.2760792873782514,adjective noun
739,1,value,0.5897856979461024,adjective noun
740,1,value,0.7647203415131887,adjective noun
741,1,value,0.4146552920687828,adjective noun
742,1,value,0.20858763573227387,adjective noun
743,1,value,0.8296591852188852,adjective noun
744,1,value,0.9003703118031908,adjective noun
745,1,value,0.6029682601007913,adjective noun
746,1,value,0.9532482573424017,adjective noun
747,1,value,0.9049031014983905,adjective noun
748,1,value,0.29842342533767774,adjective noun
749,1,value,0.32209705667714283,adjective noun
750,1,value,0.6863553331208563,adjective noun
751,1,value,0.3237847884122831,adjective noun
752,1,value,0.7461849332650413,adjective noun
753,1,value,0.4614974089723791,adjective noun
754,1,value,0.6401891389832262,adjective noun
755,1,value,0.5801024604074554,adjective noun
756,1,value,0.5866617942574223,adjective noun
757,1,value,0.30725061530871894,adjective noun
758,1,value,0.40377449993967773,adjective noun
759,1,value,0.828399261111253,adjective noun
760,1,value,0.6428495699416646,adjective noun
761,1,value,0.659149043287558,adjective noun
762,1,value,0.41059654704349463,adjective noun
763,1,value,0.6360281241624022,adjective noun
764,1,value,0.15424599833530442,adjective noun
765,1,value,0.8245247500994475,adjective noun
766,1,value,0.41901924357100423,adjective noun
767,1,value,0.5001041438461347,adjective noun
768,1,value,0.35381660333713405,adjective noun
769,1,value,0.6582325023179337,adjective noun
770,1,value,0.46662287680205233,adjective noun
771,1,value,0.5234054924346255,adjective noun
772,1,value,0.2523451764890478,adjective noun
773,1,value,0.8023469905141558,adjective noun
774,1,value,0.7950941488354933,adjective noun
775,1,value,0.9319082850392442,adjective noun
776,1,value,0.7696986359474864,adjective noun
777,1,value,0.7056738266632169,adjective noun
778,1,value,0.3108617750673585,adjective noun
779,1,value,0.9953043771410093,adjective noun
780,1,value,0.481030496099179,adjective noun
781,1,value,0.23210965424755797,adjective noun
782,1,value,0.51026415137553,adjective noun
783,1,value,0.4386600865367049,adjective noun
784,1,value,0.9145619348368865,adjective noun
785,1,value,0.8893204381498814,adjective noun
786,1,value,0.3045726855152299,adjective noun
787,1,value,0.06856808505063472,adjective noun
788,1,value,0.7431904487783463,adjective noun
789,1,value,0.6863167717896265,adjective noun
790,1,value,0.5594005372710392,adjective noun
791,1,value,0.3796458480004655,adjective noun
792,1,value,0.5852730041904902,adjective noun
793,1,value,0.22672041518179598,adjective noun
794,1,value,0.6433873301419674,adjective noun
795,1,value,0.19154297835608686,adjective noun
796,1,value,0.559509813068142,adjective noun
797,1,value,0.4785032540673842,adjective noun
798,1,value,0.06208107201373821,adjective noun
799,1,value,0.9783752063319361,adjective noun
800,1,value,0.8522265255118036,adjective noun
801,1,value,0.43121197311338,adjective noun
802,1,value,0.5496317940357757,adjective noun
803,1,value,0.9799732855253311,adjective noun
804,1,value,0.32165991258555365,adjective noun
805,1,value,0.8882100030874224,adjective noun
806,1,value,0.8481551485480163,adjective noun
807,1,value,0.876378770813466,adjective noun
808,1,value,0.7681406904432732,adjective noun
809,1,value,0.2859067350727038,adjective noun
810,1,value,0.036529416555388675,adjective noun
811,1,value,0.8949024455048383,adjective noun
812,1,value,0.184387884641768,adjective noun
813,1,value,0.6412795563040646,adjective noun
814,1,value,0.4326613403468417,adjective noun
815,1,value,0.19698452885414694,adjective noun
816,1,value,0.9711264269338866,adjective noun
817,1,value,0.8025706196551109,adjective noun
818,1,value,0.5657423904185356,adjective noun
819,1,value,0.6048668364919736,adjective noun
820,1,value,0.27499515604475044,adjective noun
821,1,value,0.4049844573602998,adjective noun
822,1,value,0.39907362392212725,adjective noun
823,1,value,0.8398511814953192,adjective noun
824,1,value,0.9464160031201516,adjective noun
825,1,value,0.8012517787260174,adjective noun
826,1,value,0.198900672213941,adjective noun
827,1,value,0.14936677691606148,adjective noun
828,1,value,0.6759669215413076,adjective noun
829,1,value,0.40171095090355785,adjective noun
830,1,value,0.45673683750292227,adjective noun
831,1,value,0.8588330516439108,adjective noun
832,1,value,0.6714415462372432,adjective noun
833,1,value,0.16897016934389852,adjective noun
834,1,value,0.7930721717031562,adjective noun
835,1,value,0.22499786005465933,adjective noun
836,1,value,0.9573740430542367,adjective noun
837,1,value,0.40836013452855163,adjective noun
838,1,value,0.8397331565714591,adjective noun
839,1,value,0.6259987259603569,adjective noun
840,1,value,0.5520928980108469,adjective noun
841,1,value,0.6073847032064645,adjective noun
842,1,value,0.6963933119390918,adjective noun
843,1,value,0.3820337012250332,adjective noun
844,1,value,0.6652590104433618,adjective noun
845,1,value,0.3049561944391794,adjective noun
846,1,value,0.7262361441560734,adjective noun
847,1,value,0.6426711043636351,adjective noun
848,1,value,0.1563440465860505,adjective noun
849,1,value,0.26130880277855095,adjective noun
850,1,value,0.980290182286679,adjective noun
851,1,value,0.9517221234346431,adjective noun
852,1,value,0.8765141007457916,adjective noun
853,1,value,0.8538275672245034,adjective noun
854,1,value,0.6844820205494334,adjective noun
855,1,value,0.8494787180695865,adjective noun
856,1,value,0.1542814770297144,adjective noun
857,1,value,0.49151471813909514,adjective noun
858,1,value,0.17884818845418232,adjective noun
859,1,value,0.27312424547093567,adjective noun
860,1,value,0.3639525326648557,adjective noun
861,1,value,0.48036626074932853,adjective noun
862,1,value,0.36594603695998623,adjective noun
863,1,value,0.3974288183819594,adjective noun
864,1,value,0.4990030017956965,adjective noun
865,1,value,0.031639820089099616,adjective noun
866,1,value,0.57647855769138,adjective noun
867,1,value,0.37382897585793196,adjective noun
868,1,value,0.503406003203739,adjective noun
869,1,value,0.42959588372121443,adjective noun
870,1,value,0.32664488944880316,adjective noun
871,1,value,0.5395623352727963,adjective noun
872,1,value,0.5892218642945243,adjective noun
873,1,value,0.7550270370360996,adjective noun
874,1,value,0.9052909373441429,adjective noun
875,1,value,0.4194807256093515,adjective noun
876,1,value,0.3646988202796636,adjective noun
877,1,value,0.4962301919101457,adjective noun
878,1,value,0.24443473761658313,adjective noun
879,1,value,0.461429768857393,adjective noun
880,1,value,0.4878258837893388,adjective noun
881,1,value,0.5591121102182849,adjective noun
882,1,value,0.10973828480796909,adjective noun
883,1,value,0.5855720974973802,adjective noun
884,1,value,0.9851413414842234,adjective noun
885,1,value,0.5931510962495021,adjective noun
886,1,value,0.5235700647845285,adjective noun
887,1,value,0.730493889382769,adjective noun
888,1,value,0.6544512798156314,adjective noun
889,1,value,0.8626556218178326,adjective noun
890,1,value,0.8617392218846407,adjective noun
891,1,value,0.8758390804920535,adjective noun
892,1,value,0.3231504512753026,adjective noun
893,1,value,0.4289220624567482,adjective noun
894,1,value,0.33598328889934564,adjective noun
895,1,value,0.8096280761899015,adjective noun
896,1,value,0.6277797231703595,adjective noun
897,1,value,0.15033216029108323,adjective noun
898,1,value,0.4080608253219071,adjective noun
899,1,value,0.7687894909087377,adjective noun
900,1,value,0.5978830179027264,adjective noun
901,1,value,0.5657767061509285,adjective noun
902,1,value,0.5198897022861336,adjective noun
903,1,value,0.2612998304722448,adjective noun
904,1,value,0.9140807714374366,adjective noun
905,1,value,0.318654430287909,adjective noun
906,1,value,0.20579005568400122,adjective noun
907,1,value,0.301047330868244,adjective noun
908,1,value,0.9910784689045984,adjective noun
909,1,value,0.8798820879250308,adjective noun
910,1,value,0.660717041506331,adjective noun
911,1,value,0.757909622580779,adjective noun
912,1,value,0.8229495394433257,adjective noun
913,1,value,0.5366434746534431,adjective noun
914,1,value,0.3355638679774136,adjective noun
915,1,value,0.9287212109429598,adjective noun
916,1,value,0.7721632628671722,adjective noun
917,1,value,0.41422481260629884,adjective noun
918,1,value,0.1732365979588968,adjective noun
919,1,value,0.3869887964741535,adjective noun
920,1,value,0.754265730494021,adjective noun
921,1,value,0.16887483887407412,adjective noun
922,1,value,0.14772409363869962,adjective noun
923,1,value,0.8531534442318434,adjective noun
924,1,value,0.5276555088324938,adjective noun
925,1,value,0.6157849296560438,adjective noun
926,1,value,0.8393641584457607,adjective noun
927,1,value,0.4184717314381725,adjective noun
928,1,value,0.10706761171370838,adjective noun
929,1,value,0.27256911881121393,adjective noun
930,1,value,0.23588615874524377,adjective noun
931,1,value,0.35460166436647134,adjective noun
932,1,value,0.7050605034690158,adjective noun
933,1,value,0.9082305871673142,adjective noun
934,1,value,0.513421874811443,adjective noun
935,1,value,0.6777762566379983,adjective noun
936,1,value,0.8383548355898283,adjective noun
937,1,value,0.2618964456385961,adjective noun
938,1,value,0.8690995052907609,adjective noun
939,1,value,0.7547689945952761,adjective noun
940,1,value,0.8050534656401258,adjective noun
941,1,value,0.6429085645681275,adjective noun
942,1,value,0.6530800311643962,adjective noun
943,1,value,0.4676733923613821,adjective noun
944,1,value,0.4881951919650911,adjective noun
945,1,value,0.9202763021791235,adjective noun
946,1,value,0.37477412438648333,adjective noun
947,1,value,0.8835628347942132,adjective noun
948,1,value,0.6299382735831582,adjective noun
949,1,value,0.3908022726170643,adjective noun
950,1,value,0.03141333270532443,adjective noun
951,1,value,0.845949224310306,adjective noun
952,1,value,0.4618212943934513,adjective noun
953,1,value,0.26735317068871506,adjective noun
954,1,value,0.8061553959628389,adjective noun
955,1,value,0.9673543650235038,adjective noun
956,1,value,0.861319391890192,adjective noun
957,1,value,0.5602661834007132,adjective noun
958,1,value,0.3753520342576307,adjective noun
959,1,value,0.387743285442878,adjective noun
960,1,value,0.17652325866888796,adjective noun
961,1,value,0.12353133345900978,adjective noun
962,1,value,0.30021582832099586,adjective noun
963,1,value,0.46508885118713417,adjective noun
964,1,value,0.3439906606792796,adjective noun
965,1,value,0.469804241773083,adjective noun
966,1,value,0.955346127026877,adjective noun
967,1,value,0.5978211785984785,adjective noun
968,1,value,0.45400043466710216,adjective noun
969,1,value,0.35895376166206605,adjective noun
970,1,value,0.9153559460650644,adjective noun
971,1,value,0.30104273019466193,adjective noun
972,1,value,0.5289368293714979,adjective noun
973,1,value,0.8743442797113127,adjective noun
974,1,value,0.27559545687066783,adjective noun
975,1,value,0.8600450462815104,adjective noun
976,1,value,0.7032532832589343,adjective noun
977,1,value,0.9421538390953849,adjective noun
978,1,value,0.5346672027253405,adjective noun
979,1,value,0.2850103459368898,adjective noun
980,1,value,0.3172497794000631,adjective noun
981,1,value,0.7478295189906423,adjective noun
982,1,value,0.5450466422731131,adjective noun
983,1,value,0.5756768283327858,adjective noun
984,1,value,0.1805453889574277,adjective noun
985,1,value,0.801668037288353,adjective noun
986,1,value,0.6980660278967874,adjective noun
987,1,value,0.19097485804468758,adjective noun
988,1,value,0.9943091119732034,adjective noun
989,1,value,0.4065488203753786,adjective noun
990,1,value,0.17818577503339453,adjective noun
991,1,value,0.526452346254854,adjective noun
992,1,value,0.3312925070012323,adjective noun
993,1,value,0.32559817677569697,adjective noun
994,1,value,0.7855979026274217,adjective noun
995,1,value,0.42295331451283474,adjective noun
996,1,value,0.40062276599985003,adjective noun
997,1,value,0.4031479617733212,adjective noun
998,1,value,0.7000487977844655,adjective noun
999,1,value,0.9327438291038499,adjective noun
1000,1,value,0.6180388931121936,adjective noun
