value,score,parameter
1.0376119855067827,-2959.328409874428,size
0.7585305177296566,-2959.3309433646696,size
0.7585305177296566,-2959.3309433646696,size
0.7585305177296566,-2959.3309433646696,size
0.7967023199172895,-2959.0763787204305,size
0.7967023199172895,-2959.0763787204305,size
0.7967023199172895,-2959.0763787204305,size
0.8274349666604438,-2958.931092015232,size
0.8274349666604438,-2958.931092015232,size
0.8595976245049488,-2958.835575545684,size
0.8595976245049488,-2958.835575545684,size
0.8595976245049488,-2958.835575545684,size
0.8595976245049488,-2958.835575545684,size
0.8595976245049488,-2958.835575545684,size
0.8595976245049488,-2958.835575545684,size
0.8595976245049488,-2958.835575545684,size
0.8660475765991533,-2958.823337981594,size
0.8660475765991533,-2958.823337981594,size
0.8660475765991533,-2958.823337981594,size
0.8660475765991533,-2958.823337981594,size
0.9496528235083892,-2958.8713889994165,size
0.9496528235083892,-2958.8713889994165,size
0.9496528235083892,-2958.8713889994165,size
0.9496528235083892,-2958.8713889994165,size
0.9496528235083892,-2958.8713889994165,size
0.9496528235083892,-2958.8713889994165,size
0.9496528235083892,-2958.8713889994165,size
0.9496528235083892,-2958.8713889994165,size
0.9496528235083892,-2958.8713889994165,size
0.9496528235083892,-2958.8713889994165,size
0.9496528235083892,-2958.8713889994165,size
0.9496528235083892,-2958.8713889994165,size
0.9496528235083892,-2958.8713889994165,size
0.9496528235083892,-2958.8713889994165,size
0.9496528235083892,-2958.8713889994165,size
0.9496528235083892,-2958.8713889994165,size
0.9496528235083892,-2958.8713889994165,size
0.9496528235083892,-2958.8713889994165,size
0.9496528235083892,-2958.8713889994165,size
0.9496528235083892,-2958.8713889994165,size
0.9496528235083892,-2958.8713889994165,size
0.9496528235083892,-2958.8713889994165,size
0.9496528235083892,-2958.8713889994165,size
0.9496528235083892,-2958.8713889994165,size
0.9479443902876143,-2958.8666010427746,size
0.9479443902876143,-2958.8666010427746,size
0.8240864968646157,-2958.944351446763,size
0.8240864968646157,-2958.944351446763,size
0.8240864968646157,-2958.944351446763,size
0.8240864968646157,-2958.944351446763,size
1.0220564934796588,-2959.217785596642,size
1.0220564934796588,-2959.217785596642,size
1.0220564934796588,-2959.217785596642,size
1.0220564934796588,-2959.217785596642,size
0.9476225916192107,-2958.8657168059494,size
0.9476225916192107,-2958.8657168059494,size
0.9476225916192107,-2958.8657168059494,size
0.9476225916192107,-2958.8657168059494,size
0.9476225916192107,-2958.8657168059494,size
0.9476225916192107,-2958.8657168059494,size
0.9476225916192107,-2958.8657168059494,size
0.9476225916192107,-2958.8657168059494,size
0.9476225916192107,-2958.8657168059494,size
0.9476225916192107,-2958.8657168059494,size
0.9476225916192107,-2958.8657168059494,size
0.9476225916192107,-2958.8657168059494,size
1.0288782047520257,-2959.2647373879586,size
1.0288782047520257,-2959.2647373879586,size
1.0288782047520257,-2959.2647373879586,size
0.9630811109775583,-2958.914494051248,size
0.9630811109775583,-2958.914494051248,size
0.9630811109775583,-2958.914494051248,size
0.9630811109775583,-2958.914494051248,size
0.9630811109775583,-2958.914494051248,size
0.9630811109775583,-2958.914494051248,size
0.9630811109775583,-2958.914494051248,size
0.9122082939812551,-2958.8026726233975,size
0.9122082939812551,-2958.8026726233975,size
0.9122082939812551,-2958.8026726233975,size
0.9122082939812551,-2958.8026726233975,size
0.9122082939812551,-2958.8026726233975,size
0.9122082939812551,-2958.8026726233975,size
0.9122082939812551,-2958.8026726233975,size
0.9122082939812551,-2958.8026726233975,size
0.9122082939812551,-2958.8026726233975,size
0.9122082939812551,-2958.8026726233975,size
0.9122082939812551,-2958.8026726233975,size
0.9122082939812551,-2958.8026726233975,size
0.9122082939812551,-2958.8026726233975,size
0.9122082939812551,-2958.8026726233975,size
0.9122082939812551,-2958.8026726233975,size
0.9122082939812551,-2958.8026726233975,size
1.0011268757379306,-2959.0890234212225,size
1.0011268757379306,-2959.0890234212225,size
1.0011268757379306,-2959.0890234212225,size
1.0011268757379306,-2959.0890234212225,size
1.0011268757379306,-2959.0890234212225,size
1.0011268757379306,-2959.0890234212225,size
1.0011268757379306,-2959.0890234212225,size
0.8869984076655287,-2958.7994445210543,size
0.8869984076655287,-2958.7994445210543,size
0.8869984076655287,-2958.7994445210543,size
0.8869984076655287,-2958.7994445210543,size
0.8869984076655287,-2958.7994445210543,size
1.0349694122606523,-2959.3087233663327,size
1.0349694122606523,-2959.3087233663327,size
1.1617293562638211,-2960.657785775724,size
0.8655966430984773,-2958.8241186690752,size
0.8655966430984773,-2958.8241186690752,size
0.8655966430984773,-2958.8241186690752,size
0.8655966430984773,-2958.8241186690752,size
0.8655966430984773,-2958.8241186690752,size
0.8655966430984773,-2958.8241186690752,size
0.8655966430984773,-2958.8241186690752,size
0.8655966430984773,-2958.8241186690752,size
0.8655966430984773,-2958.8241186690752,size
0.6386989968881305,-2960.670259929038,size
0.5415446669799324,-2962.363967831075,size
0.5415446669799324,-2962.363967831075,size
1.0142244085938337,-2959.166896186824,size
1.0142244085938337,-2959.166896186824,size
1.0142244085938337,-2959.166896186824,size
1.0826325286953022,-2959.71957037303,size
1.0826325286953022,-2959.71957037303,size
1.0826325286953022,-2959.71957037303,size
1.0826325286953022,-2959.71957037303,size
0.7851533849714911,-2959.1447062699717,size
0.7851533849714911,-2959.1447062699717,size
0.880378881047795,-2958.8043786398343,size
0.880378881047795,-2958.8043786398343,size
0.880378881047795,-2958.8043786398343,size
1.0100410398757405,-2959.141038662694,size
1.0100410398757405,-2959.141038662694,size
1.135914201363992,-2960.316870527252,size
1.135914201363992,-2960.316870527252,size
1.135914201363992,-2960.316870527252,size
1.0534144224585218,-2959.4537374037777,size
1.0534144224585218,-2959.4537374037777,size
1.0534144224585218,-2959.4537374037777,size
1.0534144224585218,-2959.4537374037777,size
1.0534144224585218,-2959.4537374037777,size
1.0534144224585218,-2959.4537374037777,size
1.0534144224585218,-2959.4537374037777,size
1.0534144224585218,-2959.4537374037777,size
1.0534144224585218,-2959.4537374037777,size
0.9475107136728864,-2958.8654106969393,size
0.9506008414565633,-2958.874113747833,size
0.9506008414565633,-2958.874113747833,size
0.9506008414565633,-2958.874113747833,size
0.9506008414565633,-2958.874113747833,size
0.9506008414565633,-2958.874113747833,size
0.9886837389205934,-2959.023456193086,size
0.9886837389205934,-2959.023456193086,size
0.9886837389205934,-2959.023456193086,size
0.9886837389205934,-2959.023456193086,size
0.6441396199595337,-2960.5915569766053,size
0.6441396199595337,-2960.5915569766053,size
0.6441396199595337,-2960.5915569766053,size
0.6441396199595337,-2960.5915569766053,size
0.6441396199595337,-2960.5915569766053,size
0.6441396199595337,-2960.5915569766053,size
0.8128296250290178,-2958.9935293018884,size
0.8128296250290178,-2958.9935293018884,size
0.8657662101431185,-2958.8238237830233,size
0.9132827062464252,-2958.8035825686657,size
0.9132827062464252,-2958.8035825686657,size
0.9132827062464252,-2958.8035825686657,size
0.9132827062464252,-2958.8035825686657,size
0.9132827062464252,-2958.8035825686657,size
0.9132827062464252,-2958.8035825686657,size
1.0350772110784614,-2959.309519296363,size
1.0350772110784614,-2959.309519296363,size
0.6464605174298984,-2960.558503508149,size
0.6464605174298984,-2960.558503508149,size
0.8573814528549512,-2958.84031229567,size
0.8573814528549512,-2958.84031229567,size
0.8573814528549512,-2958.84031229567,size
0.8573814528549512,-2958.84031229567,size
0.8573814528549512,-2958.84031229567,size
0.8573814528549512,-2958.84031229567,size
0.8573814528549512,-2958.84031229567,size
0.8573814528549512,-2958.84031229567,size
0.8573814528549512,-2958.84031229567,size
0.8573814528549512,-2958.84031229567,size
0.8573814528549512,-2958.84031229567,size
0.8573814528549512,-2958.84031229567,size
0.8573814528549512,-2958.84031229567,size
0.8573814528549512,-2958.84031229567,size
0.8573814528549512,-2958.84031229567,size
0.8573814528549512,-2958.84031229567,size
0.8573814528549512,-2958.84031229567,size
0.7820016313812824,-2959.1646606154227,size
0.7820016313812824,-2959.1646606154227,size
0.7820016313812824,-2959.1646606154227,size
0.7820016313812824,-2959.1646606154227,size
1.3433718612198713,-2963.9731259919818,size
0.9106975558823649,-2958.8014996984334,size
0.9106975558823649,-2958.8014996984334,size
1.0093503810638347,-2959.1368584962725,size
0.8377788432330046,-2958.894088129604,size
0.7185451025568338,-2959.6863511901875,size
1.1026376370301403,-2959.926900860226,size
1.1026376370301403,-2959.926900860226,size
1.1026376370301403,-2959.926900860226,size
1.1026376370301403,-2959.926900860226,size
0.8499223823804762,-2958.8582570023937,size
0.8499223823804762,-2958.8582570023937,size
0.8499223823804762,-2958.8582570023937,size
0.8499223823804762,-2958.8582570023937,size
0.8499223823804762,-2958.8582570023937,size
0.8499223823804762,-2958.8582570023937,size
0.8499223823804762,-2958.8582570023937,size
0.8499223823804762,-2958.8582570023937,size
0.8499223823804762,-2958.8582570023937,size
0.8499223823804762,-2958.8582570023937,size
0.8499223823804762,-2958.8582570023937,size
0.8499223823804762,-2958.8582570023937,size
0.7454562957488383,-2959.4371271960445,size
0.7454562957488383,-2959.4371271960445,size
0.7454562957488383,-2959.4371271960445,size
1.0845611903432708,-2959.738666001619,size
0.8519109950659527,-2958.8531708889523,size
0.8519109950659527,-2958.8531708889523,size
0.8519109950659527,-2958.8531708889523,size
0.9193225835628162,-2958.8098691838723,size
0.9193225835628162,-2958.8098691838723,size
0.6532104309734892,-2960.464140716327,size
0.6532104309734892,-2960.464140716327,size
1.1396235272281146,-2960.363803000292,size
0.9520104546769874,-2958.8782547391343,size
0.6432992193546113,-2960.603602396478,size
0.6432992193546113,-2960.603602396478,size
0.6432992193546113,-2960.603602396478,size
0.6432992193546113,-2960.603602396478,size
0.6432992193546113,-2960.603602396478,size
0.6432992193546113,-2960.603602396478,size
1.2023109864602826,-2961.260581278607,size
1.2023109864602826,-2961.260581278607,size
1.2023109864602826,-2961.260581278607,size
1.2023109864602826,-2961.260581278607,size
0.5438097215140453,-2962.3182622035138,size
0.5438097215140453,-2962.3182622035138,size
0.5438097215140453,-2962.3182622035138,size
0.8499709101386734,-2958.858130271513,size
0.8499709101386734,-2958.858130271513,size
0.9971141712136948,-2959.0669815469014,size
0.9971141712136948,-2959.0669815469014,size
0.9971141712136948,-2959.0669815469014,size
0.9971141712136948,-2959.0669815469014,size
0.7770051305195352,-2959.197444968141,size
0.7770051305195352,-2959.197444968141,size
0.7770051305195352,-2959.197444968141,size
0.7770051305195352,-2959.197444968141,size
0.7770051305195352,-2959.197444968141,size
0.7770051305195352,-2959.197444968141,size
0.7770051305195352,-2959.197444968141,size
0.7770051305195352,-2959.197444968141,size
0.7770051305195352,-2959.197444968141,size
0.7770051305195352,-2959.197444968141,size
0.7770051305195352,-2959.197444968141,size
0.7770051305195352,-2959.197444968141,size
0.7770051305195352,-2959.197444968141,size
0.7770051305195352,-2959.197444968141,size
0.7770051305195352,-2959.197444968141,size
0.7770051305195352,-2959.197444968141,size
0.8088631348573202,-2959.01255062857,size
0.8088631348573202,-2959.01255062857,size
0.8088631348573202,-2959.01255062857,size
0.8787290265862128,-2958.8059840583114,size
0.8787290265862128,-2958.8059840583114,size
0.8787290265862128,-2958.8059840583114,size
0.9879687901678516,-2959.019938741167,size
0.9879687901678516,-2959.019938741167,size
0.9879687901678516,-2959.019938741167,size
0.9879687901678516,-2959.019938741167,size
0.9879687901678516,-2959.019938741167,size
1.0643319244085028,-2959.5479044790904,size
1.0643319244085028,-2959.5479044790904,size
1.0643319244085028,-2959.5479044790904,size
0.7692481010641089,-2959.251141474351,size
0.7692481010641089,-2959.251141474351,size
0.7692481010641089,-2959.251141474351,size
0.7692481010641089,-2959.251141474351,size
0.7692481010641089,-2959.251141474351,size
0.7951649255547256,-2959.085040582624,size
0.7951649255547256,-2959.085040582624,size
0.7951649255547256,-2959.085040582624,size
0.7951649255547256,-2959.085040582624,size
0.7951649255547256,-2959.085040582624,size
0.7951649255547256,-2959.085040582624,size
0.7951649255547256,-2959.085040582624,size
0.7951649255547256,-2959.085040582624,size
0.7951649255547256,-2959.085040582624,size
0.7951649255547256,-2959.085040582624,size
0.7951649255547256,-2959.085040582624,size
0.7951649255547256,-2959.085040582624,size
0.7951649255547256,-2959.085040582624,size
0.7951649255547256,-2959.085040582624,size
0.7951649255547256,-2959.085040582624,size
0.7951649255547256,-2959.085040582624,size
0.9775164527163274,-2958.971623478233,size
0.9775164527163274,-2958.971623478233,size
0.9775164527163274,-2958.971623478233,size
0.9775164527163274,-2958.971623478233,size
0.9775164527163274,-2958.971623478233,size
0.9775164527163274,-2958.971623478233,size
0.9775164527163274,-2958.971623478233,size
0.9775164527163274,-2958.971623478233,size
0.9775164527163274,-2958.971623478233,size
0.9775164527163274,-2958.971623478233,size
0.9775164527163274,-2958.971623478233,size
0.9775164527163274,-2958.971623478233,size
0.9775164527163274,-2958.971623478233,size
0.9775164527163274,-2958.971623478233,size
0.9775164527163274,-2958.971623478233,size
1.0749649319381094,-2959.6455447919225,size
1.0749649319381094,-2959.6455447919225,size
0.779053109258154,-2959.183836504286,size
0.779053109258154,-2959.183836504286,size
0.779053109258154,-2959.183836504286,size
0.779053109258154,-2959.183836504286,size
0.779053109258154,-2959.183836504286,size
0.779053109258154,-2959.183836504286,size
0.779053109258154,-2959.183836504286,size
0.779053109258154,-2959.183836504286,size
0.779053109258154,-2959.183836504286,size
0.779053109258154,-2959.183836504286,size
0.779053109258154,-2959.183836504286,size
0.779053109258154,-2959.183836504286,size
0.6951575676584503,-2959.936586598889,size
0.6951575676584503,-2959.936586598889,size
0.6951575676584503,-2959.936586598889,size
0.6951575676584503,-2959.936586598889,size
0.6951575676584503,-2959.936586598889,size
0.6951575676584503,-2959.936586598889,size
0.6951575676584503,-2959.936586598889,size
0.6951575676584503,-2959.936586598889,size
0.6951575676584503,-2959.936586598889,size
0.6951575676584503,-2959.936586598889,size
0.6951575676584503,-2959.936586598889,size
0.6951575676584503,-2959.936586598889,size
0.6951575676584503,-2959.936586598889,size
0.6071701256214591,-2961.16003876089,size
0.6071701256214591,-2961.16003876089,size
0.6071701256214591,-2961.16003876089,size
1.1554477223283408,-2960.571765126676,size
1.1554477223283408,-2960.571765126676,size
1.1554477223283408,-2960.571765126676,size
0.7489543118211992,-2959.407764964666,size
0.7489543118211992,-2959.407764964666,size
0.6262011939347328,-2960.85752765599,size
0.6262011939347328,-2960.85752765599,size
0.6262011939347328,-2960.85752765599,size
0.6262011939347328,-2960.85752765599,size
0.7882006455147273,-2959.1259468880503,size
0.7882006455147273,-2959.1259468880503,size
0.7882006455147273,-2959.1259468880503,size
0.7882006455147273,-2959.1259468880503,size
0.7882006455147273,-2959.1259468880503,size
0.7882006455147273,-2959.1259468880503,size
0.7882006455147273,-2959.1259468880503,size
0.7882006455147273,-2959.1259468880503,size
0.7882006455147273,-2959.1259468880503,size
0.7882006455147273,-2959.1259468880503,size
1.0921750568798612,-2959.8159138264414,size
1.0921750568798612,-2959.8159138264414,size
1.0921750568798612,-2959.8159138264414,size
1.0921750568798612,-2959.8159138264414,size
1.0921750568798612,-2959.8159138264414,size
1.0921750568798612,-2959.8159138264414,size
0.8646626588170091,-2958.8257714319952,size
0.8646626588170091,-2958.8257714319952,size
0.8646626588170091,-2958.8257714319952,size
0.8646626588170091,-2958.8257714319952,size
0.8646626588170091,-2958.8257714319952,size
0.8646626588170091,-2958.8257714319952,size
0.8646626588170091,-2958.8257714319952,size
0.8646626588170091,-2958.8257714319952,size
0.8646626588170091,-2958.8257714319952,size
0.8646626588170091,-2958.8257714319952,size
0.8646626588170091,-2958.8257714319952,size
0.8646626588170091,-2958.8257714319952,size
0.8646626588170091,-2958.8257714319952,size
0.8646626588170091,-2958.8257714319952,size
0.8646626588170091,-2958.8257714319952,size
0.8646626588170091,-2958.8257714319952,size
0.8646626588170091,-2958.8257714319952,size
0.8646626588170091,-2958.8257714319952,size
0.8646626588170091,-2958.8257714319952,size
0.8646626588170091,-2958.8257714319952,size
0.8646626588170091,-2958.8257714319952,size
0.8646626588170091,-2958.8257714319952,size
0.8646626588170091,-2958.8257714319952,size
0.8646626588170091,-2958.8257714319952,size
0.8646626588170091,-2958.8257714319952,size
0.8646626588170091,-2958.8257714319952,size
0.8646626588170091,-2958.8257714319952,size
0.8646626588170091,-2958.8257714319952,size
0.8646626588170091,-2958.8257714319952,size
0.8646626588170091,-2958.8257714319952,size
0.8646626588170091,-2958.8257714319952,size
0.4498975830653545,-2964.4612334088724,size
0.46870212668344136,-2963.9915875679235,size
0.6033547378202824,-2961.223208550963,size
0.6560397547001365,-2960.4253692185894,size
0.7298542260258448,-2959.5765811019596,size
0.7298542260258448,-2959.5765811019596,size
0.7920811591985768,-2959.102816407949,size
0.9296383558450216,-2958.825197102222,size
0.9296383558450216,-2958.825197102222,size
0.9296383558450216,-2958.825197102222,size
0.9296383558450216,-2958.825197102222,size
0.9296383558450216,-2958.825197102222,size
1.1988487901568212,-2961.2059927833693,size
0.8451466578445782,-2958.8713692783094,size
0.8451466578445782,-2958.8713692783094,size
0.8451466578445782,-2958.8713692783094,size
0.8451466578445782,-2958.8713692783094,size
0.8451466578445782,-2958.8713692783094,size
0.8451466578445782,-2958.8713692783094,size
0.9942111527644439,-2959.05156751585,size
0.9942111527644439,-2959.05156751585,size
0.9942111527644439,-2959.05156751585,size
0.9942111527644439,-2959.05156751585,size
0.9942111527644439,-2959.05156751585,size
0.9942111527644439,-2959.05156751585,size
0.9349817445456501,-2958.835408108631,size
0.9349817445456501,-2958.835408108631,size
0.9349817445456501,-2958.835408108631,size
0.9349817445456501,-2958.835408108631,size
0.9349817445456501,-2958.835408108631,size
0.9349817445456501,-2958.835408108631,size
0.9349817445456501,-2958.835408108631,size
0.9349817445456501,-2958.835408108631,size
1.0494230149563915,-2959.420854438685,size
1.0494230149563915,-2959.420854438685,size
1.0494230149563915,-2959.420854438685,size
1.2351255404288042,-2961.806945245144,size
0.7365359069076731,-2959.515159603247,size
0.7277415468395497,-2959.596532294742,size
0.7277415468395497,-2959.596532294742,size
0.7277415468395497,-2959.596532294742,size
0.7277415468395497,-2959.596532294742,size
0.7277415468395497,-2959.596532294742,size
0.7277415468395497,-2959.596532294742,size
0.7277415468395497,-2959.596532294742,size
0.7277415468395497,-2959.596532294742,size
0.7277415468395497,-2959.596532294742,size
0.7277415468395497,-2959.596532294742,size
0.8202350984379317,-2958.9603781510923,size
0.8202350984379317,-2958.9603781510923,size
0.8202350984379317,-2958.9603781510923,size
1.0346140666011754,-2959.3061039845607,size
0.8242603403366531,-2958.94364761889,size
0.8242603403366531,-2958.94364761889,size
0.8242603403366531,-2958.94364761889,size
0.8242603403366531,-2958.94364761889,size
0.8242603403366531,-2958.94364761889,size
0.8242603403366531,-2958.94364761889,size
0.8242603403366531,-2958.94364761889,size
0.8242603403366531,-2958.94364761889,size
0.8242603403366531,-2958.94364761889,size
0.8242603403366531,-2958.94364761889,size
0.8242603403366531,-2958.94364761889,size
0.8242603403366531,-2958.94364761889,size
0.8242603403366531,-2958.94364761889,size
0.8242603403366531,-2958.94364761889,size
0.8242603403366531,-2958.94364761889,size
0.8242603403366531,-2958.94364761889,size
0.8242603403366531,-2958.94364761889,size
0.8242603403366531,-2958.94364761889,size
0.8242603403366531,-2958.94364761889,size
0.8242603403366531,-2958.94364761889,size
0.8242603403366531,-2958.94364761889,size
0.8242603403366531,-2958.94364761889,size
0.8242603403366531,-2958.94364761889,size
0.9708732711291073,-2958.9439468477262,size
0.9708732711291073,-2958.9439468477262,size
0.9708732711291073,-2958.9439468477262,size
0.9708732711291073,-2958.9439468477262,size
0.9708732711291073,-2958.9439468477262,size
0.9708732711291073,-2958.9439468477262,size
0.9708732711291073,-2958.9439468477262,size
0.9708732711291073,-2958.9439468477262,size
0.9708732711291073,-2958.9439468477262,size
0.9708732711291073,-2958.9439468477262,size
0.9708732711291073,-2958.9439468477262,size
0.9708732711291073,-2958.9439468477262,size
0.9708732711291073,-2958.9439468477262,size
0.9708732711291073,-2958.9439468477262,size
0.8203332791917294,-2958.959959279539,size
0.8203332791917294,-2958.959959279539,size
0.8203332791917294,-2958.959959279539,size
0.8203332791917294,-2958.959959279539,size
0.8203332791917294,-2958.959959279539,size
0.8203332791917294,-2958.959959279539,size
0.8203332791917294,-2958.959959279539,size
0.8203332791917294,-2958.959959279539,size
0.8203332791917294,-2958.959959279539,size
0.8203332791917294,-2958.959959279539,size
0.8203332791917294,-2958.959959279539,size
0.8745184026330645,-2958.8107615076838,size
0.8745184026330645,-2958.8107615076838,size
0.8745184026330645,-2958.8107615076838,size
0.8745184026330645,-2958.8107615076838,size
0.8745184026330645,-2958.8107615076838,size
0.621331049793851,-2960.9329470996586,size
0.621331049793851,-2960.9329470996586,size
0.621331049793851,-2960.9329470996586,size
0.621331049793851,-2960.9329470996586,size
0.621331049793851,-2960.9329470996586,size
0.621331049793851,-2960.9329470996586,size
0.6231154339931427,-2960.905154773953,size
0.6231154339931427,-2960.905154773953,size
0.9834149586839824,-2958.9981730951104,size
0.9834149586839824,-2958.9981730951104,size
0.9834149586839824,-2958.9981730951104,size
0.9834149586839824,-2958.9981730951104,size
0.9834149586839824,-2958.9981730951104,size
0.9834149586839824,-2958.9981730951104,size
0.9834149586839824,-2958.9981730951104,size
0.9834149586839824,-2958.9981730951104,size
0.8793202811278756,-2958.805391482489,size
0.8793202811278756,-2958.805391482489,size
0.8793202811278756,-2958.805391482489,size
0.8793202811278756,-2958.805391482489,size
0.8793202811278756,-2958.805391482489,size
0.8793202811278756,-2958.805391482489,size
0.8793202811278756,-2958.805391482489,size
0.8793202811278756,-2958.805391482489,size
0.8793202811278756,-2958.805391482489,size
0.8793202811278756,-2958.805391482489,size
0.8793202811278756,-2958.805391482489,size
0.8793202811278756,-2958.805391482489,size
0.8793202811278756,-2958.805391482489,size
0.8793202811278756,-2958.805391482489,size
0.8793202811278756,-2958.805391482489,size
0.8793202811278756,-2958.805391482489,size
0.8793202811278756,-2958.805391482489,size
0.8793202811278756,-2958.805391482489,size
0.8793202811278756,-2958.805391482489,size
0.8793202811278756,-2958.805391482489,size
0.8793202811278756,-2958.805391482489,size
0.8793202811278756,-2958.805391482489,size
0.8793202811278756,-2958.805391482489,size
0.8793202811278756,-2958.805391482489,size
0.9254943364839194,-2958.818344624919,size
0.9254943364839194,-2958.818344624919,size
0.9254943364839194,-2958.818344624919,size
0.7823760958520728,-2959.1622604311524,size
0.7823760958520728,-2959.1622604311524,size
0.9695412315026317,-2958.9386814733953,size
0.9695412315026317,-2958.9386814733953,size
0.9695412315026317,-2958.9386814733953,size
0.9695412315026317,-2958.9386814733953,size
0.9695412315026317,-2958.9386814733953,size
0.9695412315026317,-2958.9386814733953,size
0.9695412315026317,-2958.9386814733953,size
0.9695412315026317,-2958.9386814733953,size
0.9695412315026317,-2958.9386814733953,size
0.9695412315026317,-2958.9386814733953,size
0.9695412315026317,-2958.9386814733953,size
0.9695412315026317,-2958.9386814733953,size
0.9695412315026317,-2958.9386814733953,size
0.9695412315026317,-2958.9386814733953,size
0.9695412315026317,-2958.9386814733953,size
0.9695412315026317,-2958.9386814733953,size
0.7907549916387808,-2959.110625721896,size
0.7907549916387808,-2959.110625721896,size
1.0025163581844838,-2959.096854705124,size
1.0025163581844838,-2959.096854705124,size
1.0025163581844838,-2959.096854705124,size
1.0025163581844838,-2959.096854705124,size
1.0025163581844838,-2959.096854705124,size
0.9995358697358316,-2959.0801818969667,size
0.9995358697358316,-2959.0801818969667,size
0.9995358697358316,-2959.0801818969667,size
0.9995358697358316,-2959.0801818969667,size
0.9995358697358316,-2959.0801818969667,size
0.9798189820567764,-2958.981766465032,size
1.0561302168156765,-2959.476584499028,size
1.0561302168156765,-2959.476584499028,size
1.0561302168156765,-2959.476584499028,size
0.8961217668083383,-2958.796591761074,size
0.8961217668083383,-2958.796591761074,size
1.035886248087331,-2959.315512199714,size
0.9723917925926131,-2958.950065201395,size
0.9723917925926131,-2958.950065201395,size
0.9723917925926131,-2958.950065201395,size
0.9723917925926131,-2958.950065201395,size
0.9723917925926131,-2958.950065201395,size
0.9723917925926131,-2958.950065201395,size
0.9723917925926131,-2958.950065201395,size
0.9723917925926131,-2958.950065201395,size
0.9723917925926131,-2958.950065201395,size
0.9723917925926131,-2958.950065201395,size
0.9723917925926131,-2958.950065201395,size
0.9723917925926131,-2958.950065201395,size
0.9723917925926131,-2958.950065201395,size
0.9723917925926131,-2958.950065201395,size
0.9723917925926131,-2958.950065201395,size
0.9723917925926131,-2958.950065201395,size
0.9723917925926131,-2958.950065201395,size
0.9723917925926131,-2958.950065201395,size
0.9723917925926131,-2958.950065201395,size
0.9723917925926131,-2958.950065201395,size
0.9723917925926131,-2958.950065201395,size
0.9723917925926131,-2958.950065201395,size
0.8289797752371907,-2958.9251861234143,size
0.8289797752371907,-2958.9251861234143,size
0.8289797752371907,-2958.9251861234143,size
0.8289797752371907,-2958.9251861234143,size
1.3121266415595467,-2963.2914631493236,size
1.1904951833698225,-2961.076699478224,size
1.1904951833698225,-2961.076699478224,size
1.1904951833698225,-2961.076699478224,size
1.1904951833698225,-2961.076699478224,size
0.8940328301947311,-2958.7968416088465,size
0.8940328301947311,-2958.7968416088465,size
0.8940328301947311,-2958.7968416088465,size
0.8940328301947311,-2958.7968416088465,size
0.8940328301947311,-2958.7968416088465,size
0.8940328301947311,-2958.7968416088465,size
0.8940328301947311,-2958.7968416088465,size
0.8940328301947311,-2958.7968416088465,size
0.8940328301947311,-2958.7968416088465,size
0.8940328301947311,-2958.7968416088465,size
0.8940328301947311,-2958.7968416088465,size
0.8940328301947311,-2958.7968416088465,size
0.8940328301947311,-2958.7968416088465,size
0.8940328301947311,-2958.7968416088465,size
0.8940328301947311,-2958.7968416088465,size
0.8940328301947311,-2958.7968416088465,size
0.8940328301947311,-2958.7968416088465,size
0.8940328301947311,-2958.7968416088465,size
0.8940328301947311,-2958.7968416088465,size
0.8940328301947311,-2958.7968416088465,size
0.8940328301947311,-2958.7968416088465,size
0.8940328301947311,-2958.7968416088465,size
0.8940328301947311,-2958.7968416088465,size
0.8940328301947311,-2958.7968416088465,size
0.8940328301947311,-2958.7968416088465,size
0.8940328301947311,-2958.7968416088465,size
0.8940328301947311,-2958.7968416088465,size
0.8940328301947311,-2958.7968416088465,size
0.8940328301947311,-2958.7968416088465,size
0.8940328301947311,-2958.7968416088465,size
0.8940328301947311,-2958.7968416088465,size
0.8940328301947311,-2958.7968416088465,size
0.8940328301947311,-2958.7968416088465,size
0.8940328301947311,-2958.7968416088465,size
0.8940328301947311,-2958.7968416088465,size
1.0176529213346852,-2959.1887757846007,size
0.7742949994628993,-2959.215818110643,size
0.7742949994628993,-2959.215818110643,size
0.7742949994628993,-2959.215818110643,size
0.7742949994628993,-2959.215818110643,size
0.7742949994628993,-2959.215818110643,size
0.7742949994628993,-2959.215818110643,size
0.7742949994628993,-2959.215818110643,size
0.8384593437391223,-2958.891863026278,size
0.8384593437391223,-2958.891863026278,size
0.8384593437391223,-2958.891863026278,size
0.8384593437391223,-2958.891863026278,size
0.8384593437391223,-2958.891863026278,size
0.8384593437391223,-2958.891863026278,size
0.8384593437391223,-2958.891863026278,size
1.1343568521264966,-2960.297372195328,size
1.1008330343035564,-2959.9073588921183,size
0.895491868025883,-2958.7966418955752,size
0.895491868025883,-2958.7966418955752,size
0.963939064692125,-2958.9175774613204,size
0.963939064692125,-2958.9175774613204,size
1.0382405993395158,-2959.3331466319573,size
1.0382405993395158,-2959.3331466319573,size
1.0382405993395158,-2959.3331466319573,size
1.0382405993395158,-2959.3331466319573,size
1.0382405993395158,-2959.3331466319573,size
1.0382405993395158,-2959.3331466319573,size
1.0382405993395158,-2959.3331466319573,size
1.0382405993395158,-2959.3331466319573,size
1.0382405993395158,-2959.3331466319573,size
1.0382405993395158,-2959.3331466319573,size
1.0382405993395158,-2959.3331466319573,size
1.0382405993395158,-2959.3331466319573,size
1.0382405993395158,-2959.3331466319573,size
1.0382405993395158,-2959.3331466319573,size
1.0382405993395158,-2959.3331466319573,size
1.0382405993395158,-2959.3331466319573,size
1.0382405993395158,-2959.3331466319573,size
1.0382405993395158,-2959.3331466319573,size
1.0382405993395158,-2959.3331466319573,size
1.0382405993395158,-2959.3331466319573,size
1.0382405993395158,-2959.3331466319573,size
1.0382405993395158,-2959.3331466319573,size
0.8826080538299148,-2958.802447684084,size
0.8826080538299148,-2958.802447684084,size
0.8826080538299148,-2958.802447684084,size
0.6010668485581462,-2961.2614922670364,size
0.9707284353753736,-2958.943369728844,size
0.9707284353753736,-2958.943369728844,size
0.9707284353753736,-2958.943369728844,size
0.9707284353753736,-2958.943369728844,size
0.9707284353753736,-2958.943369728844,size
0.9707284353753736,-2958.943369728844,size
0.9707284353753736,-2958.943369728844,size
1.0095675911532915,-2959.138170431076,size
1.0095675911532915,-2959.138170431076,size
1.0095675911532915,-2959.138170431076,size
1.0095675911532915,-2959.138170431076,size
1.0095675911532915,-2959.138170431076,size
1.0095675911532915,-2959.138170431076,size
0.7344518058084225,-2959.5340443511877,size
0.7344518058084225,-2959.5340443511877,size
0.7344518058084225,-2959.5340443511877,size
0.7344518058084225,-2959.5340443511877,size
0.7344518058084225,-2959.5340443511877,size
0.7344518058084225,-2959.5340443511877,size
0.7344518058084225,-2959.5340443511877,size
0.7344518058084225,-2959.5340443511877,size
0.9919020608831232,-2959.0396264856827,size
0.9919020608831232,-2959.0396264856827,size
0.9919020608831232,-2959.0396264856827,size
0.9919020608831232,-2959.0396264856827,size
0.9919020608831232,-2959.0396264856827,size
0.9919020608831232,-2959.0396264856827,size
0.9919020608831232,-2959.0396264856827,size
0.9919020608831232,-2959.0396264856827,size
0.9919020608831232,-2959.0396264856827,size
0.9919020608831232,-2959.0396264856827,size
0.9919020608831232,-2959.0396264856827,size
0.9919020608831232,-2959.0396264856827,size
0.9919020608831232,-2959.0396264856827,size
0.9919020608831232,-2959.0396264856827,size
1.1060401488646903,-2959.9641978499058,size
0.6850736158125744,-2960.054163765735,size
0.6850736158125744,-2960.054163765735,size
0.6850736158125744,-2960.054163765735,size
0.6850736158125744,-2960.054163765735,size
0.6850736158125744,-2960.054163765735,size
0.819970440915655,-2958.9615099565553,size
0.819970440915655,-2958.9615099565553,size
0.819970440915655,-2958.9615099565553,size
0.819970440915655,-2958.9615099565553,size
0.819970440915655,-2958.9615099565553,size
0.812714688712816,-2958.9940680567242,size
0.812714688712816,-2958.9940680567242,size
0.812714688712816,-2958.9940680567242,size
0.812714688712816,-2958.9940680567242,size
0.812714688712816,-2958.9940680567242,size
0.812714688712816,-2958.9940680567242,size
0.812714688712816,-2958.9940680567242,size
0.812714688712816,-2958.9940680567242,size
0.812714688712816,-2958.9940680567242,size
0.812714688712816,-2958.9940680567242,size
0.812714688712816,-2958.9940680567242,size
0.812714688712816,-2958.9940680567242,size
0.812714688712816,-2958.9940680567242,size
0.812714688712816,-2958.9940680567242,size
0.812714688712816,-2958.9940680567242,size
0.9029058859089483,-2958.7974299715156,size
0.9029058859089483,-2958.7974299715156,size
0.9029058859089483,-2958.7974299715156,size
0.8250963436250686,-2958.94028656565,size
0.8250963436250686,-2958.94028656565,size
0.8250963436250686,-2958.94028656565,size
0.8250963436250686,-2958.94028656565,size
0.8250963436250686,-2958.94028656565,size
0.8250963436250686,-2958.94028656565,size
0.8250963436250686,-2958.94028656565,size
0.9138802219059174,-2958.804115866077,size
0.9138802219059174,-2958.804115866077,size
0.9138802219059174,-2958.804115866077,size
0.9138802219059174,-2958.804115866077,size
0.9138802219059174,-2958.804115866077,size
0.9138802219059174,-2958.804115866077,size
0.9138802219059174,-2958.804115866077,size
0.9138802219059174,-2958.804115866077,size
0.8756028537604924,-2958.8094375722712,size
0.8756028537604924,-2958.8094375722712,size
0.8756028537604924,-2958.8094375722712,size
0.8756028537604924,-2958.8094375722712,size
0.8756028537604924,-2958.8094375722712,size
0.7711218517890649,-2959.237858659894,size
0.7711218517890649,-2959.237858659894,size
0.7711218517890649,-2959.237858659894,size
0.9879634168885181,-2959.019912408314,size
0.9879634168885181,-2959.019912408314,size
0.9879634168885181,-2959.019912408314,size
0.9879634168885181,-2959.019912408314,size
0.9879634168885181,-2959.019912408314,size
0.9879634168885181,-2959.019912408314,size
0.9879634168885181,-2959.019912408314,size
0.9879634168885181,-2959.019912408314,size
0.9879634168885181,-2959.019912408314,size
0.9879634168885181,-2959.019912408314,size
0.9879634168885181,-2959.019912408314,size
0.9879634168885181,-2959.019912408314,size
0.8324225413831525,-2958.912503901026,size
0.8501736394204379,-2958.857602256554,size
0.8501736394204379,-2958.857602256554,size
0.8501736394204379,-2958.857602256554,size
0.8501736394204379,-2958.857602256554,size
0.8501736394204379,-2958.857602256554,size
0.8501736394204379,-2958.857602256554,size
0.8501736394204379,-2958.857602256554,size
0.8501736394204379,-2958.857602256554,size
0.9798953904551544,-2958.982107906307,size
0.9798953904551544,-2958.982107906307,size
0.9798953904551544,-2958.982107906307,size
0.9798953904551544,-2958.982107906307,size
0.978901213757379,-2958.9776896385965,size
0.978901213757379,-2958.9776896385965,size
0.978901213757379,-2958.9776896385965,size
0.6553585550921933,-2960.434661792883,size
0.6553585550921933,-2960.434661792883,size
1.2329270246888948,-2961.768709497059,size
1.1059832636166664,-2959.9635694514923,size
1.1059832636166664,-2959.9635694514923,size
1.0779948223092102,-2959.6744349272967,size
1.0779948223092102,-2959.6744349272967,size
1.0779948223092102,-2959.6744349272967,size
0.9473433915858644,-2958.864954147469,size
0.888975156545426,-2958.798438458406,size
0.888975156545426,-2958.798438458406,size
0.888975156545426,-2958.798438458406,size
0.888975156545426,-2958.798438458406,size
0.888975156545426,-2958.798438458406,size
0.888975156545426,-2958.798438458406,size
0.888975156545426,-2958.798438458406,size
0.7066320729937303,-2959.8098971720074,size
0.7066320729937303,-2959.8098971720074,size
0.862386936751333,-2958.8300006565937,size
0.862386936751333,-2958.8300006565937,size
0.862386936751333,-2958.8300006565937,size
0.862386936751333,-2958.8300006565937,size
0.862386936751333,-2958.8300006565937,size
0.862386936751333,-2958.8300006565937,size
0.862386936751333,-2958.8300006565937,size
0.862386936751333,-2958.8300006565937,size
0.862386936751333,-2958.8300006565937,size
0.862386936751333,-2958.8300006565937,size
0.862386936751333,-2958.8300006565937,size
0.862386936751333,-2958.8300006565937,size
0.862386936751333,-2958.8300006565937,size
0.862386936751333,-2958.8300006565937,size
0.862386936751333,-2958.8300006565937,size
1.026520269395394,-2959.248232208141,size
1.0403022563815087,-2959.3488265774154,size
1.0403022563815087,-2959.3488265774154,size
1.0403022563815087,-2959.3488265774154,size
1.0403022563815087,-2959.3488265774154,size
1.0403022563815087,-2959.3488265774154,size
0.7795593295435099,-2959.1805093216917,size
0.7795593295435099,-2959.1805093216917,size
0.7795593295435099,-2959.1805093216917,size
0.7795593295435099,-2959.1805093216917,size
0.7795593295435099,-2959.1805093216917,size
0.7795593295435099,-2959.1805093216917,size
0.7795593295435099,-2959.1805093216917,size
1.0000837717528859,-2959.0832115546586,size
1.0000837717528859,-2959.0832115546586,size
1.0000837717528859,-2959.0832115546586,size
1.0000837717528859,-2959.0832115546586,size
1.0000837717528859,-2959.0832115546586,size
1.0000837717528859,-2959.0832115546586,size
1.0000837717528859,-2959.0832115546586,size
1.0000837717528859,-2959.0832115546586,size
1.0000837717528859,-2959.0832115546586,size
1.0000837717528859,-2959.0832115546586,size
1.0000837717528859,-2959.0832115546586,size
1.0000837717528859,-2959.0832115546586,size
1.0000837717528859,-2959.0832115546586,size
0.7058515355656947,-2959.8182756646497,size
0.7058515355656947,-2959.8182756646497,size
0.7058515355656947,-2959.8182756646497,size
0.8013239834801825,-2959.051141166659,size
0.8013239834801825,-2959.051141166659,size
0.8013239834801825,-2959.051141166659,size
0.8013239834801825,-2959.051141166659,size
0.8013239834801825,-2959.051141166659,size
0.8013239834801825,-2959.051141166659,size
0.7882974752251045,-2959.125359382647,size
0.7882974752251045,-2959.125359382647,size
0.7882974752251045,-2959.125359382647,size
0.7882974752251045,-2959.125359382647,size
0.7882974752251045,-2959.125359382647,size
0.9040512438777402,-2958.797820121675,size
0.9040512438777402,-2958.797820121675,size
0.9040512438777402,-2958.797820121675,size
0.9040512438777402,-2958.797820121675,size
0.9040512438777402,-2958.797820121675,size
0.9040512438777402,-2958.797820121675,size
0.8709254821984105,-2958.8156116943906,size
0.8709254821984105,-2958.8156116943906,size
0.8709254821984105,-2958.8156116943906,size
0.8709254821984105,-2958.8156116943906,size
0.8709254821984105,-2958.8156116943906,size
0.8709254821984105,-2958.8156116943906,size
0.8709254821984105,-2958.8156116943906,size
0.8709254821984105,-2958.8156116943906,size
0.7550272400212059,-2959.358442433817,size
0.7550272400212059,-2959.358442433817,size
0.7170244135722151,-2959.7016693212445,size
0.7170244135722151,-2959.7016693212445,size
0.7170244135722151,-2959.7016693212445,size
0.7170244135722151,-2959.7016693212445,size
0.7170244135722151,-2959.7016693212445,size
0.7170244135722151,-2959.7016693212445,size
0.7170244135722151,-2959.7016693212445,size
0.7170244135722151,-2959.7016693212445,size
0.67649528911373,-2960.158787631627,size
0.67649528911373,-2960.158787631627,size
0.67649528911373,-2960.158787631627,size
0.67649528911373,-2960.158787631627,size
0.67649528911373,-2960.158787631627,size
0.67649528911373,-2960.158787631627,size
0.67649528911373,-2960.158787631627,size
0.67649528911373,-2960.158787631627,size
0.67649528911373,-2960.158787631627,size
0.67649528911373,-2960.158787631627,size
0.67649528911373,-2960.158787631627,size
0.67649528911373,-2960.158787631627,size
0.5469653417641183,-2962.255080720622,size
1.19142421088296,-2961.0909092952324,size
1.19142421088296,-2961.0909092952324,size
0.8154979384856376,-2958.981230092075,size
0.8154979384856376,-2958.981230092075,size
0.8154979384856376,-2958.981230092075,size
0.6075098876514518,-2961.1544543136715,size
0.6075098876514518,-2961.1544543136715,size
0.5860401792756668,-2961.5204669300897,size
1.2793681805598625,-2962.6256041740485,size
1.3061704111383623,-2963.1666567992434,size
0.7515802050602135,-2959.3861808500033,size
0.7515802050602135,-2959.3861808500033,size
0.7515802050602135,-2959.3861808500033,size
0.7515802050602135,-2959.3861808500033,size
0.7515802050602135,-2959.3861808500033,size
0.7515802050602135,-2959.3861808500033,size
0.7515802050602135,-2959.3861808500033,size
0.7515802050602135,-2959.3861808500033,size
0.7515802050602135,-2959.3861808500033,size
0.7515802050602135,-2959.3861808500033,size
0.8402210114567655,-2958.886222612262,size
0.8402210114567655,-2958.886222612262,size
0.8402210114567655,-2958.886222612262,size
0.8402210114567655,-2958.886222612262,size
0.8402210114567655,-2958.886222612262,size
0.8157003855878787,-2958.9803132376455,size
0.8157003855878787,-2958.9803132376455,size
0.8157003855878787,-2958.9803132376455,size
1.008021895163482,-2959.128888749217,size
1.008021895163482,-2959.128888749217,size
1.008021895163482,-2959.128888749217,size
1.008021895163482,-2959.128888749217,size
0.8494996282119334,-2958.859366566305,size
0.8494996282119334,-2958.859366566305,size
0.8494996282119334,-2958.859366566305,size
0.8494996282119334,-2958.859366566305,size
0.8494996282119334,-2958.859366566305,size
0.8494996282119334,-2958.859366566305,size
0.8494996282119334,-2958.859366566305,size
0.8494996282119334,-2958.859366566305,size
0.8494996282119334,-2958.859366566305,size
0.8494996282119334,-2958.859366566305,size
0.8494996282119334,-2958.859366566305,size
0.8494996282119334,-2958.859366566305,size
0.8494996282119334,-2958.859366566305,size
0.8494996282119334,-2958.859366566305,size
0.8494996282119334,-2958.859366566305,size
0.8494996282119334,-2958.859366566305,size
0.8494996282119334,-2958.859366566305,size
0.8494996282119334,-2958.859366566305,size
0.8494996282119334,-2958.859366566305,size
0.8494996282119334,-2958.859366566305,size
0.8494996282119334,-2958.859366566305,size
0.8494996282119334,-2958.859366566305,size
0.8494996282119334,-2958.859366566305,size
0.8494996282119334,-2958.859366566305,size
0.7393504767811535,-2959.4900490068503,size
0.7393504767811535,-2959.4900490068503,size
0.7393504767811535,-2959.4900490068503,size
1.068400496139926,-2959.584575684436,size
1.068400496139926,-2959.584575684436,size
1.1134371883559855,-2960.0473128381127,size
1.1134371883559855,-2960.0473128381127,size
1.1134371883559855,-2960.0473128381127,size
1.1134371883559855,-2960.0473128381127,size
1.1134371883559855,-2960.0473128381127,size
1.1134371883559855,-2960.0473128381127,size
1.1134371883559855,-2960.0473128381127,size
1.1134371883559855,-2960.0473128381127,size
1.1134371883559855,-2960.0473128381127,size
1.1134371883559855,-2960.0473128381127,size
1.1134371883559855,-2960.0473128381127,size
1.1134371883559855,-2960.0473128381127,size
1.1134371883559855,-2960.0473128381127,size
1.1134371883559855,-2960.0473128381127,size
1.1134371883559855,-2960.0473128381127,size
0.7228719460846614,-2845.8205795138815,color
0.7228719460846614,-2845.8205795138815,color
0.7228719460846614,-2845.8205795138815,color
0.8133217999960072,-2846.7935779814043,color
0.8133217999960072,-2846.7935779814043,color
0.8133217999960072,-2846.7935779814043,color
0.8133217999960072,-2846.7935779814043,color
0.8133217999960072,-2846.7935779814043,color
0.6437863986707835,-2845.3906977150236,color
0.6437863986707835,-2845.3906977150236,color
0.6437863986707835,-2845.3906977150236,color
0.6437863986707835,-2845.3906977150236,color
0.6437863986707835,-2845.3906977150236,color
0.6437863986707835,-2845.3906977150236,color
0.6437863986707835,-2845.3906977150236,color
0.7675726108922872,-2846.2384040646425,color
0.7675726108922872,-2846.2384040646425,color
0.3670069416813314,-2847.1650941267776,color
0.3670069416813314,-2847.1650941267776,color
0.6874615558636809,-2845.5786701614766,color
0.6874615558636809,-2845.5786701614766,color
0.6874615558636809,-2845.5786701614766,color
0.7568622594662184,-2846.126976689097,color
0.7568622594662184,-2846.126976689097,color
0.5350624602953513,-2845.4659665877693,color
0.5350624602953513,-2845.4659665877693,color
0.5350624602953513,-2845.4659665877693,color
0.4701514015587281,-2845.890406326908,color
0.4701514015587281,-2845.890406326908,color
0.4701514015587281,-2845.890406326908,color
0.5708230348646159,-2845.354383505538,color
0.5708230348646159,-2845.354383505538,color
0.5708230348646159,-2845.354383505538,color
0.5708230348646159,-2845.354383505538,color
0.5708230348646159,-2845.354383505538,color
0.5708230348646159,-2845.354383505538,color
0.5708230348646159,-2845.354383505538,color
0.5708230348646159,-2845.354383505538,color
0.6686803783615786,-2845.482781396442,color
0.5953329823207937,-2845.3273580095156,color
0.5953329823207937,-2845.3273580095156,color
0.5953329823207937,-2845.3273580095156,color
0.5953329823207937,-2845.3273580095156,color
0.5953329823207937,-2845.3273580095156,color
0.5953329823207937,-2845.3273580095156,color
0.5953329823207937,-2845.3273580095156,color
0.5953329823207937,-2845.3273580095156,color
0.6125608768722758,-2845.332206018865,color
0.6125608768722758,-2845.332206018865,color
0.6125608768722758,-2845.332206018865,color
0.7914209462149909,-2846.511873382126,color
0.5812070637461787,-2845.3380505700065,color
0.5812070637461787,-2845.3380505700065,color
0.5812070637461787,-2845.3380505700065,color
0.5812070637461787,-2845.3380505700065,color
0.5812070637461787,-2845.3380505700065,color
0.5812070637461787,-2845.3380505700065,color
0.5812070637461787,-2845.3380505700065,color
0.5812070637461787,-2845.3380505700065,color
0.5812070637461787,-2845.3380505700065,color
0.5014695047816506,-2845.649632313137,color
0.5014695047816506,-2845.649632313137,color
0.5014695047816506,-2845.649632313137,color
0.6606984705996387,-2845.4488926671365,color
0.6606984705996387,-2845.4488926671365,color
0.6606984705996387,-2845.4488926671365,color
0.6606984705996387,-2845.4488926671365,color
0.6606984705996387,-2845.4488926671365,color
0.5660897213601938,-2845.3642191243844,color
0.5660897213601938,-2845.3642191243844,color
0.5660897213601938,-2845.3642191243844,color
0.5660897213601938,-2845.3642191243844,color
0.5660897213601938,-2845.3642191243844,color
0.5660897213601938,-2845.3642191243844,color
0.5660897213601938,-2845.3642191243844,color
0.5660897213601938,-2845.3642191243844,color
0.5660897213601938,-2845.3642191243844,color
0.5660897213601938,-2845.3642191243844,color
0.5517928062667059,-2845.4030495495003,color
0.5517928062667059,-2845.4030495495003,color
0.5517928062667059,-2845.4030495495003,color
0.5517928062667059,-2845.4030495495003,color
0.6191877928735651,-2845.339280890363,color
0.6191877928735651,-2845.339280890363,color
0.6191877928735651,-2845.339280890363,color
0.4697692948836195,-2845.8937610546727,color
0.4697692948836195,-2845.8937610546727,color
0.4697692948836195,-2845.8937610546727,color
0.4870971523476074,-2845.7517548020332,color
0.4870971523476074,-2845.7517548020332,color
0.4870971523476074,-2845.7517548020332,color
0.3227255488129193,-2847.9418353601136,color
0.3227255488129193,-2847.9418353601136,color
0.3227255488129193,-2847.9418353601136,color
0.3227255488129193,-2847.9418353601136,color
0.3227255488129193,-2847.9418353601136,color
0.388665791017986,-2846.8356050692464,color
0.388665791017986,-2846.8356050692464,color
0.33650181663736173,-2847.685318599255,color
0.33650181663736173,-2847.685318599255,color
0.33650181663736173,-2847.685318599255,color
0.33650181663736173,-2847.685318599255,color
0.35503486898422076,-2847.3614205394465,color
0.35503486898422076,-2847.3614205394465,color
0.8329727770115853,-2847.0710068716285,color
0.8329727770115853,-2847.0710068716285,color
0.8329727770115853,-2847.0710068716285,color
0.419839686313467,-2846.419253324909,color
0.419839686313467,-2846.419253324909,color
0.5741078025046347,-2845.3484385893844,color
0.5741078025046347,-2845.3484385893844,color
0.5741078025046347,-2845.3484385893844,color
0.5741078025046347,-2845.3484385893844,color
0.5741078025046347,-2845.3484385893844,color
0.5741078025046347,-2845.3484385893844,color
0.5741078025046347,-2845.3484385893844,color
0.5741078025046347,-2845.3484385893844,color
0.5741078025046347,-2845.3484385893844,color
0.518920358370698,-2845.544633520472,color
0.518920358370698,-2845.544633520472,color
0.518920358370698,-2845.544633520472,color
0.518920358370698,-2845.544633520472,color
0.518920358370698,-2845.544633520472,color
0.518920358370698,-2845.544633520472,color
0.518920358370698,-2845.544633520472,color
0.518920358370698,-2845.544633520472,color
0.518920358370698,-2845.544633520472,color
0.518920358370698,-2845.544633520472,color
0.518920358370698,-2845.544633520472,color
0.518920358370698,-2845.544633520472,color
0.518920358370698,-2845.544633520472,color
0.518920358370698,-2845.544633520472,color
0.5342255576962769,-2845.4696107079535,color
0.5342255576962769,-2845.4696107079535,color
0.5342255576962769,-2845.4696107079535,color
0.5342255576962769,-2845.4696107079535,color
0.5342255576962769,-2845.4696107079535,color
0.5342255576962769,-2845.4696107079535,color
0.5342255576962769,-2845.4696107079535,color
0.5342255576962769,-2845.4696107079535,color
0.5342255576962769,-2845.4696107079535,color
0.5342255576962769,-2845.4696107079535,color
0.6544282456975782,-2845.425155581178,color
0.6544282456975782,-2845.425155581178,color
0.6544282456975782,-2845.425155581178,color
0.6544282456975782,-2845.425155581178,color
0.6544282456975782,-2845.425155581178,color
0.5859534500986394,-2845.332978533033,color
0.5859534500986394,-2845.332978533033,color
0.5859534500986394,-2845.332978533033,color
0.5859534500986394,-2845.332978533033,color
0.5859534500986394,-2845.332978533033,color
0.5859534500986394,-2845.332978533033,color
0.5859534500986394,-2845.332978533033,color
0.5859534500986394,-2845.332978533033,color
0.5859534500986394,-2845.332978533033,color
0.6141949753226045,-2845.3336823390014,color
0.6141949753226045,-2845.3336823390014,color
0.6141949753226045,-2845.3336823390014,color
0.6141949753226045,-2845.3336823390014,color
0.690688040806004,-2845.5974151374853,color
0.690688040806004,-2845.5974151374853,color
0.690688040806004,-2845.5974151374853,color
0.690688040806004,-2845.5974151374853,color
0.5717071694878286,-2845.3527124355314,color
0.5345450474211465,-2845.4682139586153,color
0.5345450474211465,-2845.4682139586153,color
0.5345450474211465,-2845.4682139586153,color
0.5345450474211465,-2845.4682139586153,color
0.5345450474211465,-2845.4682139586153,color
0.5345450474211465,-2845.4682139586153,color
0.5345450474211465,-2845.4682139586153,color
0.5345450474211465,-2845.4682139586153,color
0.5345450474211465,-2845.4682139586153,color
0.5345450474211465,-2845.4682139586153,color
0.35354682030636664,-2847.386530025523,color
0.462713994298748,-2845.957516857889,color
0.462713994298748,-2845.957516857889,color
0.5326892871070791,-2845.476423549706,color
0.5326892871070791,-2845.476423549706,color
0.5326892871070791,-2845.476423549706,color
0.5326892871070791,-2845.476423549706,color
0.6446349476237653,-2845.393175558799,color
0.6446349476237653,-2845.393175558799,color
0.6446349476237653,-2845.393175558799,color
0.6446349476237653,-2845.393175558799,color
0.6446349476237653,-2845.393175558799,color
0.6446349476237653,-2845.393175558799,color
0.6446349476237653,-2845.393175558799,color
0.6446349476237653,-2845.393175558799,color
0.6446349476237653,-2845.393175558799,color
0.6446349476237653,-2845.393175558799,color
0.6446349476237653,-2845.393175558799,color
0.6170683586115827,-2845.336704220679,color
0.6170683586115827,-2845.336704220679,color
0.6170683586115827,-2845.336704220679,color
0.6170683586115827,-2845.336704220679,color
0.6170683586115827,-2845.336704220679,color
0.6170683586115827,-2845.336704220679,color
0.6170683586115827,-2845.336704220679,color
0.6170683586115827,-2845.336704220679,color
0.6170683586115827,-2845.336704220679,color
0.6117815220154298,-2845.3315638130894,color
0.6117815220154298,-2845.3315638130894,color
0.39436049897717707,-2846.754456144933,color
0.6506512025223729,-2845.412084780985,color
0.6506512025223729,-2845.412084780985,color
0.6506512025223729,-2845.412084780985,color
0.6506512025223729,-2845.412084780985,color
0.6506512025223729,-2845.412084780985,color
0.6506512025223729,-2845.412084780985,color
0.6506512025223729,-2845.412084780985,color
0.6506512025223729,-2845.412084780985,color
0.6506512025223729,-2845.412084780985,color
0.6506512025223729,-2845.412084780985,color
0.6506512025223729,-2845.412084780985,color
0.8432905190815052,-2847.225936549324,color
0.8432905190815052,-2847.225936549324,color
0.8432905190815052,-2847.225936549324,color
0.8060963024146278,-2846.6974223442403,color
0.8060963024146278,-2846.6974223442403,color
0.8060963024146278,-2846.6974223442403,color
0.8060963024146278,-2846.6974223442403,color
0.8060963024146278,-2846.6974223442403,color
0.8060963024146278,-2846.6974223442403,color
0.8060963024146278,-2846.6974223442403,color
0.639921442303801,-2845.380004123581,color
0.639921442303801,-2845.380004123581,color
0.639921442303801,-2845.380004123581,color
0.639921442303801,-2845.380004123581,color
0.639921442303801,-2845.380004123581,color
0.639921442303801,-2845.380004123581,color
0.5563909598950866,-2845.389063178205,color
0.5563909598950866,-2845.389063178205,color
0.5563909598950866,-2845.389063178205,color
0.5563909598950866,-2845.389063178205,color
0.5563909598950866,-2845.389063178205,color
0.5563909598950866,-2845.389063178205,color
0.5563909598950866,-2845.389063178205,color
0.5563909598950866,-2845.389063178205,color
0.5563909598950866,-2845.389063178205,color
0.5563909598950866,-2845.389063178205,color
0.5563909598950866,-2845.389063178205,color
0.5563909598950866,-2845.389063178205,color
0.5563909598950866,-2845.389063178205,color
0.5563909598950866,-2845.389063178205,color
0.5563909598950866,-2845.389063178205,color
0.5563909598950866,-2845.389063178205,color
0.36891533425025813,-2847.134733980293,color
0.36891533425025813,-2847.134733980293,color
0.36891533425025813,-2847.134733980293,color
0.36891533425025813,-2847.134733980293,color
0.36891533425025813,-2847.134733980293,color
0.36891533425025813,-2847.134733980293,color
0.36891533425025813,-2847.134733980293,color
0.36891533425025813,-2847.134733980293,color
0.36891533425025813,-2847.134733980293,color
0.36891533425025813,-2847.134733980293,color
0.6544708514960693,-2845.4253082925297,color
0.6544708514960693,-2845.4253082925297,color
0.7244355461182753,-2845.8330881504585,color
0.7244355461182753,-2845.8330881504585,color
0.7244355461182753,-2845.8330881504585,color
0.5329624107981247,-2845.4752006521576,color
0.6471673778566566,-2845.4008486716657,color
0.6471673778566566,-2845.4008486716657,color
0.5252991062455992,-2845.5114329659236,color
0.5252991062455992,-2845.5114329659236,color
0.5252991062455992,-2845.5114329659236,color
0.5252991062455992,-2845.5114329659236,color
0.650358533098795,-2845.4111105652437,color
0.6644231559813373,-2845.4641954373033,color
0.6644231559813373,-2845.4641954373033,color
0.6644231559813373,-2845.4641954373033,color
0.6644231559813373,-2845.4641954373033,color
0.6644231559813373,-2845.4641954373033,color
0.6644231559813373,-2845.4641954373033,color
0.4077361774011657,-2846.572812168092,color
0.8048226835909026,-2846.6808008893954,color
0.8048226835909026,-2846.6808008893954,color
0.8048226835909026,-2846.6808008893954,color
0.8048226835909026,-2846.6808008893954,color
0.8048226835909026,-2846.6808008893954,color
0.5070672307759813,-2845.61368659898,color
0.471606502941162,-2845.8777234906065,color
0.471606502941162,-2845.8777234906065,color
0.471606502941162,-2845.8777234906065,color
0.471606502941162,-2845.8777234906065,color
0.5636065597744636,-2845.369978990348,color
0.5636065597744636,-2845.369978990348,color
0.5636065597744636,-2845.369978990348,color
0.5636065597744636,-2845.369978990348,color
0.4885079606296643,-2845.741102838129,color
0.4885079606296643,-2845.741102838129,color
0.4885079606296643,-2845.741102838129,color
0.4885079606296643,-2845.741102838129,color
0.4885079606296643,-2845.741102838129,color
0.4885079606296643,-2845.741102838129,color
0.4885079606296643,-2845.741102838129,color
0.6079881639809067,-2845.329009294208,color
0.6079881639809067,-2845.329009294208,color
0.6079881639809067,-2845.329009294208,color
0.6079881639809067,-2845.329009294208,color
0.6079881639809067,-2845.329009294208,color
0.6079881639809067,-2845.329009294208,color
0.6079881639809067,-2845.329009294208,color
0.6079881639809067,-2845.329009294208,color
0.6079881639809067,-2845.329009294208,color
0.6079881639809067,-2845.329009294208,color
0.6079881639809067,-2845.329009294208,color
0.6079881639809067,-2845.329009294208,color
0.6079881639809067,-2845.329009294208,color
0.6079881639809067,-2845.329009294208,color
0.6079881639809067,-2845.329009294208,color
0.4959620500189763,-2845.687091316402,color
0.4959620500189763,-2845.687091316402,color
0.6106542665471879,-2845.3307056907443,color
0.6106542665471879,-2845.3307056907443,color
0.4683826733956269,-2845.906019691277,color
0.4683826733956269,-2845.906019691277,color
0.4683826733956269,-2845.906019691277,color
0.4683826733956269,-2845.906019691277,color
0.4683826733956269,-2845.906019691277,color
0.511153635982705,-2845.588797908137,color
0.511153635982705,-2845.588797908137,color
0.511153635982705,-2845.588797908137,color
0.511153635982705,-2845.588797908137,color
0.511153635982705,-2845.588797908137,color
0.511153635982705,-2845.588797908137,color
0.511153635982705,-2845.588797908137,color
0.511153635982705,-2845.588797908137,color
0.4849279375547214,-2845.768399848105,color
0.7046953724089976,-2845.6864783712085,color
0.7046953724089976,-2845.6864783712085,color
0.7046953724089976,-2845.6864783712085,color
0.7046953724089976,-2845.6864783712085,color
0.7046953724089976,-2845.6864783712085,color
0.7046953724089976,-2845.6864783712085,color
0.7046953724089976,-2845.6864783712085,color
0.7046953724089976,-2845.6864783712085,color
0.7046953724089976,-2845.6864783712085,color
0.7046953724089976,-2845.6864783712085,color
0.7046953724089976,-2845.6864783712085,color
0.7046953724089976,-2845.6864783712085,color
0.7046953724089976,-2845.6864783712085,color
0.7046953724089976,-2845.6864783712085,color
0.7046953724089976,-2845.6864783712085,color
0.5032376295347716,-2845.638046785007,color
0.5032376295347716,-2845.638046785007,color
0.5032376295347716,-2845.638046785007,color
0.6033458551731955,-2845.3271743826867,color
0.6033458551731955,-2845.3271743826867,color
0.6033458551731955,-2845.3271743826867,color
0.6033458551731955,-2845.3271743826867,color
0.6033458551731955,-2845.3271743826867,color
0.6074699559359694,-2845.328733958267,color
0.6074699559359694,-2845.328733958267,color
0.6074699559359694,-2845.328733958267,color
0.6074699559359694,-2845.328733958267,color
0.6074699559359694,-2845.328733958267,color
0.6074699559359694,-2845.328733958267,color
0.6275479021844941,-2845.352318242583,color
0.6275479021844941,-2845.352318242583,color
0.6275479021844941,-2845.352318242583,color
0.6275479021844941,-2845.352318242583,color
0.6275479021844941,-2845.352318242583,color
0.6275479021844941,-2845.352318242583,color
0.6275479021844941,-2845.352318242583,color
0.6275479021844941,-2845.352318242583,color
0.6275479021844941,-2845.352318242583,color
0.6275479021844941,-2845.352318242583,color
0.6275479021844941,-2845.352318242583,color
0.6275479021844941,-2845.352318242583,color
0.644316806208268,-2845.3922410710798,color
0.5283834589077979,-2845.496370964102,color
0.5283834589077979,-2845.496370964102,color
0.5420384626153866,-2845.437434844245,color
0.723809477887696,-2845.828061220505,color
0.5106356563544359,-2845.591889625753,color
0.5106356563544359,-2845.591889625753,color
0.5106356563544359,-2845.591889625753,color
0.5106356563544359,-2845.591889625753,color
0.5106356563544359,-2845.591889625753,color
0.5106356563544359,-2845.591889625753,color
0.5106356563544359,-2845.591889625753,color
0.5106356563544359,-2845.591889625753,color
0.5106356563544359,-2845.591889625753,color
0.5106356563544359,-2845.591889625753,color
0.5106356563544359,-2845.591889625753,color
0.4936519512983602,-2845.703422313095,color
0.563298403864852,-2845.370722604214,color
0.563298403864852,-2845.370722604214,color
0.563298403864852,-2845.370722604214,color
0.6768806172328141,-2845.521866868097,color
0.6967687219424202,-2845.6345457917014,color
0.6967687219424202,-2845.6345457917014,color
0.6967687219424202,-2845.6345457917014,color
0.6967687219424202,-2845.6345457917014,color
0.6967687219424202,-2845.6345457917014,color
0.6967687219424202,-2845.6345457917014,color
0.6967687219424202,-2845.6345457917014,color
0.6967687219424202,-2845.6345457917014,color
0.6967687219424202,-2845.6345457917014,color
0.6967687219424202,-2845.6345457917014,color
0.6967687219424202,-2845.6345457917014,color
0.6967687219424202,-2845.6345457917014,color
0.6967687219424202,-2845.6345457917014,color
0.6967687219424202,-2845.6345457917014,color
0.6967687219424202,-2845.6345457917014,color
0.6967687219424202,-2845.6345457917014,color
0.6670293524614915,-2845.4754348629335,color
0.6670293524614915,-2845.4754348629335,color
0.6670293524614915,-2845.4754348629335,color
0.6670293524614915,-2845.4754348629335,color
0.6670293524614915,-2845.4754348629335,color
0.6670293524614915,-2845.4754348629335,color
0.6670293524614915,-2845.4754348629335,color
0.6670293524614915,-2845.4754348629335,color
0.6670293524614915,-2845.4754348629335,color
0.6670293524614915,-2845.4754348629335,color
0.6670293524614915,-2845.4754348629335,color
0.6670293524614915,-2845.4754348629335,color
0.6670293524614915,-2845.4754348629335,color
0.6670293524614915,-2845.4754348629335,color
0.5988954253033699,-2845.326751875342,color
0.5988954253033699,-2845.326751875342,color
0.5987704755235917,-2845.3267589175653,color
0.715200311083197,-2845.7614369989174,color
0.715200311083197,-2845.7614369989174,color
0.715200311083197,-2845.7614369989174,color
0.715200311083197,-2845.7614369989174,color
0.715200311083197,-2845.7614369989174,color
0.715200311083197,-2845.7614369989174,color
0.715200311083197,-2845.7614369989174,color
0.715200311083197,-2845.7614369989174,color
0.715200311083197,-2845.7614369989174,color
0.715200311083197,-2845.7614369989174,color
0.715200311083197,-2845.7614369989174,color
0.715200311083197,-2845.7614369989174,color
0.715200311083197,-2845.7614369989174,color
0.715200311083197,-2845.7614369989174,color
0.715200311083197,-2845.7614369989174,color
0.715200311083197,-2845.7614369989174,color
0.715200311083197,-2845.7614369989174,color
0.715200311083197,-2845.7614369989174,color
0.715200311083197,-2845.7614369989174,color
0.715200311083197,-2845.7614369989174,color
0.715200311083197,-2845.7614369989174,color
0.715200311083197,-2845.7614369989174,color
0.715200311083197,-2845.7614369989174,color
0.715200311083197,-2845.7614369989174,color
0.715200311083197,-2845.7614369989174,color
0.715200311083197,-2845.7614369989174,color
0.715200311083197,-2845.7614369989174,color
0.715200311083197,-2845.7614369989174,color
0.715200311083197,-2845.7614369989174,color
0.8737716690197679,-2847.7205548862885,color
0.45817452828134475,-2846.0003590103306,color
0.45817452828134475,-2846.0003590103306,color
0.45817452828134475,-2846.0003590103306,color
0.45817452828134475,-2846.0003590103306,color
0.67594797511027,-2845.5172039039476,color
0.67594797511027,-2845.5172039039476,color
0.6748762521389409,-2845.5119144864802,color
0.6748762521389409,-2845.5119144864802,color
0.6748762521389409,-2845.5119144864802,color
0.22221792421248066,-2850.220193476673,color
0.22221792421248066,-2850.220193476673,color
0.22221792421248066,-2850.220193476673,color
0.22221792421248066,-2850.220193476673,color
0.42533311549395314,-2846.352938584331,color
0.42533311549395314,-2846.352938584331,color
0.42533311549395314,-2846.352938584331,color
0.5431236040406505,-2845.433292261168,color
0.57123583425051,-2845.353596784882,color
0.57123583425051,-2845.353596784882,color
0.57123583425051,-2845.353596784882,color
0.6718373976942514,-2845.497317443312,color
0.6718373976942514,-2845.497317443312,color
0.6718373976942514,-2845.497317443312,color
0.6718373976942514,-2845.497317443312,color
0.590556709177049,-2845.3294903929755,color
0.590556709177049,-2845.3294903929755,color
0.582792267350113,-2845.3361898358444,color
0.582792267350113,-2845.3361898358444,color
0.582792267350113,-2845.3361898358444,color
0.582792267350113,-2845.3361898358444,color
0.582792267350113,-2845.3361898358444,color
0.582792267350113,-2845.3361898358444,color
0.582792267350113,-2845.3361898358444,color
0.582792267350113,-2845.3361898358444,color
0.582792267350113,-2845.3361898358444,color
0.582792267350113,-2845.3361898358444,color
0.582792267350113,-2845.3361898358444,color
0.5130041294876009,-2845.5779021922363,color
0.5130041294876009,-2845.5779021922363,color
0.5130041294876009,-2845.5779021922363,color
0.5130041294876009,-2845.5779021922363,color
0.5130041294876009,-2845.5779021922363,color
0.5130041294876009,-2845.5779021922363,color
0.5130041294876009,-2845.5779021922363,color
0.5130041294876009,-2845.5779021922363,color
0.5130041294876009,-2845.5779021922363,color
0.5130041294876009,-2845.5779021922363,color
0.5130041294876009,-2845.5779021922363,color
0.5130041294876009,-2845.5779021922363,color
0.5130041294876009,-2845.5779021922363,color
0.5130041294876009,-2845.5779021922363,color
0.5130041294876009,-2845.5779021922363,color
0.5130041294876009,-2845.5779021922363,color
0.6247502200480035,-2845.3474454088414,color
0.6247502200480035,-2845.3474454088414,color
0.8239293180536637,-2846.9404498187337,color
0.690373352087445,-2845.5955576555953,color
0.690373352087445,-2845.5955576555953,color
0.690373352087445,-2845.5955576555953,color
0.690373352087445,-2845.5955576555953,color
0.690373352087445,-2845.5955576555953,color
0.690373352087445,-2845.5955576555953,color
0.690373352087445,-2845.5955576555953,color
0.690373352087445,-2845.5955576555953,color
0.7066597678284886,-2845.699964685969,color
0.7066597678284886,-2845.699964685969,color
0.7066597678284886,-2845.699964685969,color
0.7066597678284886,-2845.699964685969,color
0.7066597678284886,-2845.699964685969,color
0.7066597678284886,-2845.699964685969,color
0.8189037233922903,-2846.8700204191596,color
0.8189037233922903,-2846.8700204191596,color
0.3240048463089467,-2847.9174483799843,color
0.3240048463089467,-2847.9174483799843,color
0.6096039994422495,-2845.3299815008354,color
0.6096039994422495,-2845.3299815008354,color
0.6096039994422495,-2845.3299815008354,color
0.6096039994422495,-2845.3299815008354,color
0.6096039994422495,-2845.3299815008354,color
0.6096039994422495,-2845.3299815008354,color
0.6096039994422495,-2845.3299815008354,color
0.6096039994422495,-2845.3299815008354,color
0.6096039994422495,-2845.3299815008354,color
0.7493280332379897,-2846.0528488121104,color
0.49846524402580583,-2845.6698082482035,color
0.4723371734143693,-2845.871410014811,color
0.4723371734143693,-2845.871410014811,color
0.4723371734143693,-2845.871410014811,color
0.4723371734143693,-2845.871410014811,color
0.4723371734143693,-2845.871410014811,color
0.4723371734143693,-2845.871410014811,color
0.4723371734143693,-2845.871410014811,color
0.4563302147038415,-2846.0181729011706,color
0.6922446212344541,-2845.6066958591905,color
0.6922446212344541,-2845.6066958591905,color
0.6922446212344541,-2845.6066958591905,color
0.6922446212344541,-2845.6066958591905,color
0.6922446212344541,-2845.6066958591905,color
0.6922446212344541,-2845.6066958591905,color
0.6922446212344541,-2845.6066958591905,color
0.6922446212344541,-2845.6066958591905,color
0.6922446212344541,-2845.6066958591905,color
0.6922446212344541,-2845.6066958591905,color
0.8472887989065876,-2847.287680358894,color
0.8472887989065876,-2847.287680358894,color
0.8472887989065876,-2847.287680358894,color
0.8472887989065876,-2847.287680358894,color
0.85496570522974,-2847.4088943298725,color
0.85496570522974,-2847.4088943298725,color
0.85496570522974,-2847.4088943298725,color
0.85496570522974,-2847.4088943298725,color
0.36720723428981106,-2847.161895651371,color
0.7873981084640135,-2846.463300741443,color
0.7873981084640135,-2846.463300741443,color
0.6314877822674627,-2845.360048904972,color
0.6314877822674627,-2845.360048904972,color
0.6314877822674627,-2845.360048904972,color
0.8870578124162081,-2847.953266895654,color
0.8870578124162081,-2847.953266895654,color
0.8870578124162081,-2847.953266895654,color
0.8870578124162081,-2847.953266895654,color
0.8870578124162081,-2847.953266895654,color
0.8870578124162081,-2847.953266895654,color
0.8870578124162081,-2847.953266895654,color
0.8870578124162081,-2847.953266895654,color
0.8870578124162081,-2847.953266895654,color
0.8870578124162081,-2847.953266895654,color
0.8870578124162081,-2847.953266895654,color
0.8870578124162081,-2847.953266895654,color
0.406206712823341,-2846.592946954413,color
0.406206712823341,-2846.592946954413,color
0.4606334449331312,-2845.9769753443834,color
0.4606334449331312,-2845.9769753443834,color
0.4606334449331312,-2845.9769753443834,color
0.4606334449331312,-2845.9769753443834,color
0.4606334449331312,-2845.9769753443834,color
0.4606334449331312,-2845.9769753443834,color
0.4606334449331312,-2845.9769753443834,color
0.5145769906515788,-2845.568824781711,color
0.5145769906515788,-2845.568824781711,color
0.5145769906515788,-2845.568824781711,color
0.5443618237901827,-2845.428662416169,color
0.5443618237901827,-2845.428662416169,color
0.5443618237901827,-2845.428662416169,color
0.5443618237901827,-2845.428662416169,color
0.5443618237901827,-2845.428662416169,color
0.5443618237901827,-2845.428662416169,color
0.5443618237901827,-2845.428662416169,color
0.5443618237901827,-2845.428662416169,color
0.5443618237901827,-2845.428662416169,color
0.5443618237901827,-2845.428662416169,color
0.6973387191427121,-2845.6381470260812,color
0.7658548989580106,-2846.220056400096,color
0.7658548989580106,-2846.220056400096,color
0.7658548989580106,-2846.220056400096,color
0.7658548989580106,-2846.220056400096,color
0.7658548989580106,-2846.220056400096,color
0.7658548989580106,-2846.220056400096,color
0.7658548989580106,-2846.220056400096,color
0.7658548989580106,-2846.220056400096,color
0.7658548989580106,-2846.220056400096,color
0.7658548989580106,-2846.220056400096,color
0.7658548989580106,-2846.220056400096,color
0.7658548989580106,-2846.220056400096,color
0.7658548989580106,-2846.220056400096,color
0.7658548989580106,-2846.220056400096,color
0.7658548989580106,-2846.220056400096,color
0.7813120055942802,-2846.391696199725,color
0.7813120055942802,-2846.391696199725,color
0.7813120055942802,-2846.391696199725,color
0.7484694076147448,-2846.044624707292,color
0.7484694076147448,-2846.044624707292,color
0.7484694076147448,-2846.044624707292,color
0.7484694076147448,-2846.044624707292,color
0.7484694076147448,-2846.044624707292,color
0.7846255117533746,-2846.4303993585245,color
0.7846255117533746,-2846.4303993585245,color
0.7846255117533746,-2846.4303993585245,color
0.7846255117533746,-2846.4303993585245,color
0.7846255117533746,-2846.4303993585245,color
0.7846255117533746,-2846.4303993585245,color
0.7846255117533746,-2846.4303993585245,color
0.7846255117533746,-2846.4303993585245,color
0.7846255117533746,-2846.4303993585245,color
0.7846255117533746,-2846.4303993585245,color
0.7846255117533746,-2846.4303993585245,color
0.7846255117533746,-2846.4303993585245,color
0.7846255117533746,-2846.4303993585245,color
0.7846255117533746,-2846.4303993585245,color
0.40383160153172964,-2846.624539476051,color
0.40383160153172964,-2846.624539476051,color
0.40383160153172964,-2846.624539476051,color
0.40383160153172964,-2846.624539476051,color
0.8178899163641381,-2846.8559970737506,color
0.8178899163641381,-2846.8559970737506,color
0.8178899163641381,-2846.8559970737506,color
0.8178899163641381,-2846.8559970737506,color
0.8178899163641381,-2846.8559970737506,color
0.8178899163641381,-2846.8559970737506,color
0.8178899163641381,-2846.8559970737506,color
0.8178899163641381,-2846.8559970737506,color
0.8178899163641381,-2846.8559970737506,color
0.4481552782293694,-2846.099973652147,color
0.4481552782293694,-2846.099973652147,color
0.4481552782293694,-2846.099973652147,color
0.4481552782293694,-2846.099973652147,color
0.4481552782293694,-2846.099973652147,color
0.4481552782293694,-2846.099973652147,color
0.4481552782293694,-2846.099973652147,color
0.4481552782293694,-2846.099973652147,color
0.4481552782293694,-2846.099973652147,color
0.4481552782293694,-2846.099973652147,color
0.5574586287881045,-2845.386018982595,color
0.6033675091279551,-2845.3271796387694,color
0.5167444900875902,-2845.5565918361817,color
0.5167444900875902,-2845.5565918361817,color
0.5167444900875902,-2845.5565918361817,color
0.5167444900875902,-2845.5565918361817,color
0.5167444900875902,-2845.5565918361817,color
0.5167444900875902,-2845.5565918361817,color
0.5167444900875902,-2845.5565918361817,color
0.5167444900875902,-2845.5565918361817,color
0.5167444900875902,-2845.5565918361817,color
0.5167444900875902,-2845.5565918361817,color
0.5167444900875902,-2845.5565918361817,color
0.5167444900875902,-2845.5565918361817,color
0.5167444900875902,-2845.5565918361817,color
0.5167444900875902,-2845.5565918361817,color
0.5167444900875902,-2845.5565918361817,color
0.5167444900875902,-2845.5565918361817,color
0.5167444900875902,-2845.5565918361817,color
0.5167444900875902,-2845.5565918361817,color
0.5167444900875902,-2845.5565918361817,color
0.5167444900875902,-2845.5565918361817,color
0.5167444900875902,-2845.5565918361817,color
0.5167444900875902,-2845.5565918361817,color
0.5167444900875902,-2845.5565918361817,color
0.5167444900875902,-2845.5565918361817,color
0.5167444900875902,-2845.5565918361817,color
0.5167444900875902,-2845.5565918361817,color
0.5167444900875902,-2845.5565918361817,color
0.5167444900875902,-2845.5565918361817,color
0.5167444900875902,-2845.5565918361817,color
0.5167444900875902,-2845.5565918361817,color
0.5167444900875902,-2845.5565918361817,color
0.46623622872235004,-2845.9252576919475,color
0.46623622872235004,-2845.9252576919475,color
0.46623622872235004,-2845.9252576919475,color
0.46623622872235004,-2845.9252576919475,color
0.46623622872235004,-2845.9252576919475,color
0.46623622872235004,-2845.9252576919475,color
0.46623622872235004,-2845.9252576919475,color
0.46623622872235004,-2845.9252576919475,color
0.46623622872235004,-2845.9252576919475,color
0.46623622872235004,-2845.9252576919475,color
0.5474247762291028,-2845.4176541800157,color
0.5474247762291028,-2845.4176541800157,color
0.5474247762291028,-2845.4176541800157,color
0.5474247762291028,-2845.4176541800157,color
0.5474247762291028,-2845.4176541800157,color
0.5474247762291028,-2845.4176541800157,color
0.5474247762291028,-2845.4176541800157,color
0.5474247762291028,-2845.4176541800157,color
0.5474247762291028,-2845.4176541800157,color
0.5474247762291028,-2845.4176541800157,color
0.6155878662920103,-2845.335079425195,color
0.6155878662920103,-2845.335079425195,color
0.6155878662920103,-2845.335079425195,color
0.6155878662920103,-2845.335079425195,color
0.6155878662920103,-2845.335079425195,color
0.6155878662920103,-2845.335079425195,color
0.6031430387951541,-2845.3271266566376,color
0.6031430387951541,-2845.3271266566376,color
0.6031430387951541,-2845.3271266566376,color
0.6538817296207023,-2845.423207133408,color
0.6538817296207023,-2845.423207133408,color
0.6538817296207023,-2845.423207133408,color
0.6538817296207023,-2845.423207133408,color
0.6538817296207023,-2845.423207133408,color
0.6538817296207023,-2845.423207133408,color
0.6538817296207023,-2845.423207133408,color
0.6538817296207023,-2845.423207133408,color
0.6904915950090328,-2845.596254855746,color
0.6904915950090328,-2845.596254855746,color
0.6904915950090328,-2845.596254855746,color
0.49423938702566583,-2845.6992347969767,color
0.6586699569156148,-2845.4409352557,color
0.6586699569156148,-2845.4409352557,color
0.6586699569156148,-2845.4409352557,color
0.6586699569156148,-2845.4409352557,color
0.6586699569156148,-2845.4409352557,color
0.6586699569156148,-2845.4409352557,color
0.6586699569156148,-2845.4409352557,color
0.688742095416338,-2845.5860302350684,color
0.688742095416338,-2845.5860302350684,color
0.688742095416338,-2845.5860302350684,color
0.688742095416338,-2845.5860302350684,color
0.688742095416338,-2845.5860302350684,color
0.688742095416338,-2845.5860302350684,color
0.688742095416338,-2845.5860302350684,color
0.688742095416338,-2845.5860302350684,color
0.688742095416338,-2845.5860302350684,color
0.6535013552138064,-2845.4218624304544,color
0.6535013552138064,-2845.4218624304544,color
0.6535013552138064,-2845.4218624304544,color
0.6535013552138064,-2845.4218624304544,color
0.6535013552138064,-2845.4218624304544,color
0.7572311311552429,-2846.1306963507323,color
0.48550734931131234,-2845.763922175163,color
0.48550734931131234,-2845.763922175163,color
0.48550734931131234,-2845.763922175163,color
0.48550734931131234,-2845.763922175163,color
0.48550734931131234,-2845.763922175163,color
0.48550734931131234,-2845.763922175163,color
0.48550734931131234,-2845.763922175163,color
0.6436642130327821,-2845.3903447766847,color
0.7878029454598833,-2846.4681441104312,color
0.7618469985810595,-2846.177954425795,color
0.7618469985810595,-2846.177954425795,color
0.8916044131056867,-2848.0352710201537,color
0.39047529006783704,-2846.8095727780155,color
0.39047529006783704,-2846.8095727780155,color
0.39047529006783704,-2846.8095727780155,color
0.39047529006783704,-2846.8095727780155,color
0.39047529006783704,-2846.8095727780155,color
0.5689336256515775,-2845.358129828189,color
0.6303461542567661,-2845.3577044200297,color
0.6303461542567661,-2845.3577044200297,color
0.6303461542567661,-2845.3577044200297,color
0.6303461542567661,-2845.3577044200297,color
0.6303461542567661,-2845.3577044200297,color
0.6303461542567661,-2845.3577044200297,color
0.6303461542567661,-2845.3577044200297,color
0.6303461542567661,-2845.3577044200297,color
0.6061979426531167,-2845.3281332109136,color
0.6061979426531167,-2845.3281332109136,color
0.6061979426531167,-2845.3281332109136,color
0.6386351356444123,-2845.376660820979,color
0.617512758967773,-2845.3372200451367,color
0.617512758967773,-2845.3372200451367,color
0.617512758967773,-2845.3372200451367,color
0.617512758967773,-2845.3372200451367,color
0.617512758967773,-2845.3372200451367,color
0.617512758967773,-2845.3372200451367,color
0.617512758967773,-2845.3372200451367,color
0.617512758967773,-2845.3372200451367,color
0.617512758967773,-2845.3372200451367,color
0.617512758967773,-2845.3372200451367,color
0.617512758967773,-2845.3372200451367,color
0.617512758967773,-2845.3372200451367,color
0.617512758967773,-2845.3372200451367,color
0.617512758967773,-2845.3372200451367,color
0.6323413299091408,-2845.3618574143693,color
0.6323413299091408,-2845.3618574143693,color
0.6323413299091408,-2845.3618574143693,color
0.6323413299091408,-2845.3618574143693,color
0.6323413299091408,-2845.3618574143693,color
0.6323413299091408,-2845.3618574143693,color
0.6323413299091408,-2845.3618574143693,color
0.6323413299091408,-2845.3618574143693,color
0.6323413299091408,-2845.3618574143693,color
0.6323413299091408,-2845.3618574143693,color
0.6323413299091408,-2845.3618574143693,color
0.6323413299091408,-2845.3618574143693,color
0.6323413299091408,-2845.3618574143693,color
0.6323413299091408,-2845.3618574143693,color
0.6323413299091408,-2845.3618574143693,color
0.6323413299091408,-2845.3618574143693,color
0.6323413299091408,-2845.3618574143693,color
0.6323413299091408,-2845.3618574143693,color
0.6323413299091408,-2845.3618574143693,color
0.6323413299091408,-2845.3618574143693,color
0.348299582685622,-2847.4763215741054,color
0.348299582685622,-2847.4763215741054,color
0.348299582685622,-2847.4763215741054,color
0.348299582685622,-2847.4763215741054,color
0.348299582685622,-2847.4763215741054,color
0.36988893323180155,-2847.1193442126973,color
0.47157573393041674,-2845.8779901638964,color
0.47157573393041674,-2845.8779901638964,color
0.47157573393041674,-2845.8779901638964,color
0.47157573393041674,-2845.8779901638964,color
0.47157573393041674,-2845.8779901638964,color
0.47157573393041674,-2845.8779901638964,color
0.47157573393041674,-2845.8779901638964,color
0.5222691068604283,-2845.5268587533023,color
0.5881094812565321,-2845.3311695155053,color
0.5881094812565321,-2845.3311695155053,color
0.5881094812565321,-2845.3311695155053,color
0.5881094812565321,-2845.3311695155053,color
0.5563148882591714,-2845.3892830013474,color
0.5563148882591714,-2845.3892830013474,color
0.5563148882591714,-2845.3892830013474,color
0.5482732272016826,-2845.4147167539577,color
0.5482732272016826,-2845.4147167539577,color
0.5482732272016826,-2845.4147167539577,color
0.5482732272016826,-2845.4147167539577,color
0.6283316598457048,-2845.3537752120924,color
0.6283316598457048,-2845.3537752120924,color
0.6283316598457048,-2845.3537752120924,color
0.6283316598457048,-2845.3537752120924,color
0.6283316598457048,-2845.3537752120924,color
0.6283316598457048,-2845.3537752120924,color
0.6283316598457048,-2845.3537752120924,color
0.5813325839232109,-2845.337897131658,color
0.5813325839232109,-2845.337897131658,color
0.5813325839232109,-2845.337897131658,color
0.41460142325695803,-2846.4844530962123,color
0.41460142325695803,-2846.4844530962123,color
0.7437810680650723,-2846.000527811247,color
0.7437810680650723,-2846.000527811247,color
0.7437810680650723,-2846.000527811247,color
0.7809729960310492,-2846.3877743451794,color
0.7809729960310492,-2846.3877743451794,color
0.7809729960310492,-2846.3877743451794,color
0.7809729960310492,-2846.3877743451794,color
0.7809729960310492,-2846.3877743451794,color
0.7809729960310492,-2846.3877743451794,color
0.7809729960310492,-2846.3877743451794,color
0.7809729960310492,-2846.3877743451794,color
0.7809729960310492,-2846.3877743451794,color
0.7809729960310492,-2846.3877743451794,color
0.7809729960310492,-2846.3877743451794,color
0.7809729960310492,-2846.3877743451794,color
0.7809729960310492,-2846.3877743451794,color
0.7809729960310492,-2846.3877743451794,color
0.7809729960310492,-2846.3877743451794,color
0.7809729960310492,-2846.3877743451794,color
0.7809729960310492,-2846.3877743451794,color
0.7809729960310492,-2846.3877743451794,color
0.7809729960310492,-2846.3877743451794,color
0.5701992579943357,-2845.3555939288226,color
0.5701992579943357,-2845.3555939288226,color
0.5701992579943357,-2845.3555939288226,color
0.5701992579943357,-2845.3555939288226,color
0.5701992579943357,-2845.3555939288226,color
0.5701992579943357,-2845.3555939288226,color
0.5701992579943357,-2845.3555939288226,color
0.5701992579943357,-2845.3555939288226,color
0.6474365705269686,-2845.401688799923,color
0.6474365705269686,-2845.401688799923,color
0.6474365705269686,-2845.401688799923,color
0.6474365705269686,-2845.401688799923,color
0.6474365705269686,-2845.401688799923,color
0.6474365705269686,-2845.401688799923,color
0.6474365705269686,-2845.401688799923,color
0.6474365705269686,-2845.401688799923,color
0.4512865847988665,-2846.068092877159,color
0.4512865847988665,-2846.068092877159,color
0.4512865847988665,-2846.068092877159,color
0.4512865847988665,-2846.068092877159,color
0.4512865847988665,-2846.068092877159,color
0.5567890741946047,-2845.387919096731,color
0.5567890741946047,-2845.387919096731,color
0.5567890741946047,-2845.387919096731,color
0.5567890741946047,-2845.387919096731,color
0.5567890741946047,-2845.387919096731,color
0.5567890741946047,-2845.387919096731,color
0.5567890741946047,-2845.387919096731,color
0.5567890741946047,-2845.387919096731,color
0.5567890741946047,-2845.387919096731,color
0.5567890741946047,-2845.387919096731,color
0.5567890741946047,-2845.387919096731,color
0.6242201549973315,-2845.346579935064,color
0.6242201549973315,-2845.346579935064,color
0.6242201549973315,-2845.346579935064,color
0.6242201549973315,-2845.346579935064,color
0.6242201549973315,-2845.346579935064,color
0.6629076772357925,-2845.4578611339757,color
0.5295506031515165,-2845.490839772576,color
0.6760848027108596,-2845.517884513087,color
0.6760848027108596,-2845.517884513087,color
0.6760848027108596,-2845.517884513087,color
0.584146687335458,-2845.3347325316363,color
0.5665568170231255,-2845.363181825378,color
0.5665568170231255,-2845.363181825378,color
0.5665568170231255,-2845.363181825378,color
0.5665568170231255,-2845.363181825378,color
0.5665568170231255,-2845.363181825378,color
0.5665568170231255,-2845.363181825378,color
0.5665568170231255,-2845.363181825378,color
0.5665568170231255,-2845.363181825378,color
0.5665568170231255,-2845.363181825378,color
0.5665568170231255,-2845.363181825378,color
0.5665568170231255,-2845.363181825378,color
0.5665568170231255,-2845.363181825378,color
0.5665568170231255,-2845.363181825378,color
0.5665568170231255,-2845.363181825378,color
0.5665568170231255,-2845.363181825378,color
0.5665568170231255,-2845.363181825378,color
0.5665568170231255,-2845.363181825378,color
0.5665568170231255,-2845.363181825378,color
0.5665568170231255,-2845.363181825378,color
0.690911398017897,-2845.5987373574444,color
0.5833147805639977,-2845.3356131659352,color
0.5833147805639977,-2845.3356131659352,color
0.5833147805639977,-2845.3356131659352,color
0.5833147805639977,-2845.3356131659352,color
0.5833147805639977,-2845.3356131659352,color
0.5833147805639977,-2845.3356131659352,color
0.5833147805639977,-2845.3356131659352,color
0.5833147805639977,-2845.3356131659352,color
0.5833147805639977,-2845.3356131659352,color
0.5833147805639977,-2845.3356131659352,color
0.5833147805639977,-2845.3356131659352,color
0.5833147805639977,-2845.3356131659352,color
0.5833147805639977,-2845.3356131659352,color
0.5833147805639977,-2845.3356131659352,color
0.5833147805639977,-2845.3356131659352,color
0.5833147805639977,-2845.3356131659352,color
0.5833147805639977,-2845.3356131659352,color
0.5833147805639977,-2845.3356131659352,color
0.5833147805639977,-2845.3356131659352,color
0.5833147805639977,-2845.3356131659352,color
0.5859086031743811,-2845.3330194425657,color
0.5859086031743811,-2845.3330194425657,color
0.5859086031743811,-2845.3330194425657,color
0.5859086031743811,-2845.3330194425657,color
0.49796378868115637,-2845.67323610743,color
0.49796378868115637,-2845.67323610743,color
0.49796378868115637,-2845.67323610743,color
0.49796378868115637,-2845.67323610743,color
0.49796378868115637,-2845.67323610743,color
0.6312237368272776,-2845.3594990811416,color
0.6312237368272776,-2845.3594990811416,color
0.6173766430495518,-2845.3370606741187,color
0.6173766430495518,-2845.3370606741187,color
0.6173766430495518,-2845.3370606741187,color
0.6173766430495518,-2845.3370606741187,color
0.6173766430495518,-2845.3370606741187,color
0.6173766430495518,-2845.3370606741187,color
0.6173766430495518,-2845.3370606741187,color
0.6173766430495518,-2845.3370606741187,color
0.6173766430495518,-2845.3370606741187,color
0.6918949800160056,-2845.604597762033,color
0.6918949800160056,-2845.604597762033,color
0.6918949800160056,-2845.604597762033,color
0.6918949800160056,-2845.604597762033,color
0.6918949800160056,-2845.604597762033,color
0.6918949800160056,-2845.604597762033,color
0.4956374134335594,-2845.6893642002424,color
0.4956374134335594,-2845.6893642002424,color
0.516541299218066,-2845.557725009217,color
